[20Jun2025 19:47:26.627] [main/INFO] [cpw.mods.modlauncher.Launcher/MODLAUNCHER]: ModLauncher running: args [--launchTarget, forgeclientdev, --version, 21.1.172, --assetIndex, 17, --assetsDir, C:\\Users\\ultim\\.gradle\\caches\\neoformruntime\\assets, --gameDir, ., --fml.fmlVersion, 4.0.39, --fml.mcVersion, 1.21.1, --fml.neoForgeVersion, 21.1.172, --fml.neoFormVersion, 20240808.144430]
[20Jun2025 19:47:26.630] [main/INFO] [cpw.mods.modlauncher.Launcher/MODLAUNCHER]: JVM identified as Oracle Corporation Java HotSpot(TM) 64-Bit Server VM 21.0.7+8-LTS-245
[20Jun2025 19:47:26.631] [main/INFO] [cpw.mods.modlauncher.Launcher/MODLAUNCHER]: ModLauncher 11.0.4+main.d2e20e43 starting: java version 21.0.7 by Oracle Corporation; OS Windows 11 arch amd64 version 10.0
[20Jun2025 19:47:26.681] [main/DEBUG] [cpw.mods.modlauncher.LaunchServiceHandler/MODLAUNCHER]: Found launch services [minecraft,forgeclient,forgedatauserdev,testharness,forgeserverdev,forgeserveruserdev,forgejunitdev,forgeclientdev,forgeclientuserdev,forgeserver,forgejunituserdev,forgedatadev]
[20Jun2025 19:47:26.731] [main/DEBUG] [cpw.mods.modlauncher.LaunchPluginHandler/MODLAUNCHER]: Found launch plugins: [mixin,slf4jfixer,runtime_enum_extender,accesstransformer,runtimedistcleaner]
[20Jun2025 19:47:26.753] [main/DEBUG] [cpw.mods.modlauncher.TransformationServicesHandler/MODLAUNCHER]: Discovering transformation services
[20Jun2025 19:47:26.760] [main/DEBUG] [net.neoforged.fml.loading.FMLPaths/CORE]: Path GAMEDIR is C:\Users\ultim\Desktop\Minecraft mod projects\Version 1.21.1\BetterMusicDiscs 1.21.1-NEOFORGE\run
[20Jun2025 19:47:26.760] [main/DEBUG] [net.neoforged.fml.loading.FMLPaths/CORE]: Path MODSDIR is C:\Users\ultim\Desktop\Minecraft mod projects\Version 1.21.1\BetterMusicDiscs 1.21.1-NEOFORGE\run\mods
[20Jun2025 19:47:26.761] [main/DEBUG] [net.neoforged.fml.loading.FMLPaths/CORE]: Path CONFIGDIR is C:\Users\ultim\Desktop\Minecraft mod projects\Version 1.21.1\BetterMusicDiscs 1.21.1-NEOFORGE\run\config
[20Jun2025 19:47:26.761] [main/DEBUG] [net.neoforged.fml.loading.FMLPaths/CORE]: Path FMLCONFIG is C:\Users\ultim\Desktop\Minecraft mod projects\Version 1.21.1\BetterMusicDiscs 1.21.1-NEOFORGE\run\config\fml.toml
[20Jun2025 19:47:26.819] [main/DEBUG] [net.neoforged.fml.loading.targets.CommonLaunchHandler/CORE]: Got mod coordinates betterdiscs%%C:\Users\ultim\Desktop\Minecraft mod projects\Version 1.21.1\BetterMusicDiscs 1.21.1-NEOFORGE\build\classes\java\main;betterdiscs%%C:\Users\ultim\Desktop\Minecraft mod projects\Version 1.21.1\BetterMusicDiscs 1.21.1-NEOFORGE\build\resources\main from env
[20Jun2025 19:47:26.822] [main/DEBUG] [net.neoforged.fml.loading.targets.CommonLaunchHandler/CORE]: Found supplied mod coordinates [{betterdiscs=[C:\Users\ultim\Desktop\Minecraft mod projects\Version 1.21.1\BetterMusicDiscs 1.21.1-NEOFORGE\build\classes\java\main, C:\Users\ultim\Desktop\Minecraft mod projects\Version 1.21.1\BetterMusicDiscs 1.21.1-NEOFORGE\build\resources\main]}]
[20Jun2025 19:47:26.825] [main/DEBUG] [cpw.mods.modlauncher.TransformationServicesHandler/MODLAUNCHER]: Found additional transformation services from discovery services: 
[20Jun2025 19:47:26.839] [main/INFO] [net.neoforged.fml.loading.ImmediateWindowHandler/]: Loading ImmediateWindowProvider fmlearlywindow
[20Jun2025 19:47:26.975] [main/INFO] [EARLYDISPLAY/]: Trying GL version 4.6
[20Jun2025 19:47:27.044] [main/INFO] [EARLYDISPLAY/]: Requested GL version 4.6 got version 4.6
[20Jun2025 19:47:27.096] [main/DEBUG] [cpw.mods.modlauncher.TransformationServicesHandler/MODLAUNCHER]: Found transformer services : [mixin,fml]
[20Jun2025 19:47:27.096] [main/DEBUG] [cpw.mods.modlauncher.TransformationServicesHandler/MODLAUNCHER]: Transformation services loading
[20Jun2025 19:47:27.097] [main/DEBUG] [cpw.mods.modlauncher.TransformationServiceDecorator/MODLAUNCHER]: Loading service mixin
[20Jun2025 19:47:27.097] [main/DEBUG] [cpw.mods.modlauncher.TransformationServiceDecorator/MODLAUNCHER]: Loaded service mixin
[20Jun2025 19:47:27.097] [main/DEBUG] [cpw.mods.modlauncher.TransformationServiceDecorator/MODLAUNCHER]: Loading service fml
[20Jun2025 19:47:27.098] [main/DEBUG] [net.neoforged.fml.loading.FMLLoader/CORE]: FML 4.0.39 loading
[20Jun2025 19:47:27.098] [main/DEBUG] [net.neoforged.fml.loading.FMLLoader/CORE]: FML found ModLauncher version : 11.0.4+main.d2e20e43
[20Jun2025 19:47:27.099] [main/DEBUG] [net.neoforged.fml.loading.FMLLoader/CORE]: FML found AccessTransformer version : 10.0.1+139da711
[20Jun2025 19:47:27.100] [main/DEBUG] [net.neoforged.fml.loading.FMLLoader/CORE]: FML found EventBus version : null
[20Jun2025 19:47:27.101] [main/DEBUG] [net.neoforged.fml.loading.FMLLoader/CORE]: Found Runtime Dist Cleaner
[20Jun2025 19:47:27.101] [main/DEBUG] [cpw.mods.modlauncher.TransformationServiceDecorator/MODLAUNCHER]: Loaded service fml
[20Jun2025 19:47:27.103] [main/DEBUG] [cpw.mods.modlauncher.TransformationServicesHandler/MODLAUNCHER]: Configuring option handling for services
[20Jun2025 19:47:27.121] [main/DEBUG] [net.neoforged.fml.loading.FMLServiceProvider/CORE]: Received command line version data  : VersionInfo[neoForgeVersion=21.1.172, fmlVersion=4.0.39, mcVersion=1.21.1, neoFormVersion=20240808.144430]
[20Jun2025 19:47:27.122] [main/DEBUG] [cpw.mods.modlauncher.TransformationServicesHandler/MODLAUNCHER]: Transformation services initializing
[20Jun2025 19:47:27.123] [main/DEBUG] [cpw.mods.modlauncher.TransformationServiceDecorator/MODLAUNCHER]: Initializing transformation service mixin
[20Jun2025 19:47:27.132] [main/DEBUG] [mixin/]: MixinService [ModLauncher] was successfully booted in cpw.mods.cl.ModuleClassLoader@18bf3d14
[20Jun2025 19:47:27.143] [main/INFO] [mixin/]: SpongePowered MIXIN Subsystem Version=0.8.7 Source=union:/C:/Users/ultim/.gradle/caches/modules-2/files-2.1/net.fabricmc/sponge-mixin/0.15.2+mixin.0.8.7/2af2f021d8e02a0220dc27a7a72b4666d66d44ca/sponge-mixin-0.15.2+mixin.0.8.7.jar%23138!/ Service=ModLauncher Env=CLIENT
[20Jun2025 19:47:27.146] [main/DEBUG] [mixin/]: Initialising Mixin Platform Manager
[20Jun2025 19:47:27.146] [main/DEBUG] [mixin/]: Adding mixin platform agents for container ModLauncher Root Container(ModLauncher:4f56a0a2)
[20Jun2025 19:47:27.147] [main/DEBUG] [mixin/]: Instancing new MixinPlatformAgentMinecraftForge for ModLauncher Root Container(ModLauncher:4f56a0a2)
[20Jun2025 19:47:27.147] [main/DEBUG] [mixin/]: MixinPlatformAgentMinecraftForge rejected container ModLauncher Root Container(ModLauncher:4f56a0a2)
[20Jun2025 19:47:27.148] [main/DEBUG] [mixin/]: Instancing new MixinPlatformAgentDefault for ModLauncher Root Container(ModLauncher:4f56a0a2)
[20Jun2025 19:47:27.148] [main/DEBUG] [mixin/]: MixinPlatformAgentDefault accepted container ModLauncher Root Container(ModLauncher:4f56a0a2)
[20Jun2025 19:47:27.150] [main/DEBUG] [cpw.mods.modlauncher.TransformationServiceDecorator/MODLAUNCHER]: Initialized transformation service mixin
[20Jun2025 19:47:27.150] [main/DEBUG] [cpw.mods.modlauncher.TransformationServiceDecorator/MODLAUNCHER]: Initializing transformation service fml
[20Jun2025 19:47:27.150] [main/DEBUG] [net.neoforged.fml.loading.FMLServiceProvider/CORE]: Setting up basic FML game directories
[20Jun2025 19:47:27.150] [main/DEBUG] [net.neoforged.fml.loading.FMLPaths/CORE]: Path GAMEDIR is C:\Users\ultim\Desktop\Minecraft mod projects\Version 1.21.1\BetterMusicDiscs 1.21.1-NEOFORGE\run
[20Jun2025 19:47:27.151] [main/DEBUG] [net.neoforged.fml.loading.FMLPaths/CORE]: Path MODSDIR is C:\Users\ultim\Desktop\Minecraft mod projects\Version 1.21.1\BetterMusicDiscs 1.21.1-NEOFORGE\run\mods
[20Jun2025 19:47:27.151] [main/DEBUG] [net.neoforged.fml.loading.FMLPaths/CORE]: Path CONFIGDIR is C:\Users\ultim\Desktop\Minecraft mod projects\Version 1.21.1\BetterMusicDiscs 1.21.1-NEOFORGE\run\config
[20Jun2025 19:47:27.151] [main/DEBUG] [net.neoforged.fml.loading.FMLPaths/CORE]: Path FMLCONFIG is C:\Users\ultim\Desktop\Minecraft mod projects\Version 1.21.1\BetterMusicDiscs 1.21.1-NEOFORGE\run\config\fml.toml
[20Jun2025 19:47:27.151] [main/DEBUG] [net.neoforged.fml.loading.FMLServiceProvider/CORE]: Loading configuration
[20Jun2025 19:47:27.155] [main/DEBUG] [net.neoforged.fml.loading.FMLServiceProvider/CORE]: Preparing launch handler
[20Jun2025 19:47:27.156] [main/DEBUG] [net.neoforged.fml.loading.FMLLoader/CORE]: Using forgeclientdev as launch service
[20Jun2025 19:47:27.158] [main/DEBUG] [cpw.mods.modlauncher.TransformationServiceDecorator/MODLAUNCHER]: Initialized transformation service fml
[20Jun2025 19:47:27.158] [main/DEBUG] [cpw.mods.modlauncher.TransformationServicesHandler/MODLAUNCHER]: Transformation services begin scanning
[20Jun2025 19:47:27.158] [main/DEBUG] [cpw.mods.modlauncher.TransformationServiceDecorator/MODLAUNCHER]: Beginning scan trigger - transformation service mixin
[20Jun2025 19:47:27.159] [main/DEBUG] [cpw.mods.modlauncher.TransformationServiceDecorator/MODLAUNCHER]: End scan trigger - transformation service mixin
[20Jun2025 19:47:27.159] [main/DEBUG] [cpw.mods.modlauncher.TransformationServiceDecorator/MODLAUNCHER]: Beginning scan trigger - transformation service fml
[20Jun2025 19:47:27.159] [main/DEBUG] [net.neoforged.fml.loading.FMLServiceProvider/CORE]: Initiating mod scan
[20Jun2025 19:47:27.159] [main/DEBUG] [net.neoforged.fml.loading.targets.CommonLaunchHandler/CORE]: Got mod coordinates betterdiscs%%C:\Users\ultim\Desktop\Minecraft mod projects\Version 1.21.1\BetterMusicDiscs 1.21.1-NEOFORGE\build\classes\java\main;betterdiscs%%C:\Users\ultim\Desktop\Minecraft mod projects\Version 1.21.1\BetterMusicDiscs 1.21.1-NEOFORGE\build\resources\main from env
[20Jun2025 19:47:27.160] [main/DEBUG] [net.neoforged.fml.loading.targets.CommonLaunchHandler/CORE]: Found supplied mod coordinates [{betterdiscs=[C:\Users\ultim\Desktop\Minecraft mod projects\Version 1.21.1\BetterMusicDiscs 1.21.1-NEOFORGE\build\classes\java\main, C:\Users\ultim\Desktop\Minecraft mod projects\Version 1.21.1\BetterMusicDiscs 1.21.1-NEOFORGE\build\resources\main]}]
[20Jun2025 19:47:27.161] [main/DEBUG] [net.neoforged.fml.loading.targets.CommonDevLaunchHandler/]: Launching with NeoForge from C:\Users\ultim\Desktop\Minecraft mod projects\Version 1.21.1\BetterMusicDiscs 1.21.1-NEOFORGE\build\moddev\artifacts\neoforge-21.1.172-minecraft-merged.jar
[20Jun2025 19:47:27.175] [main/DEBUG] [net.neoforged.fml.util.ServiceLoaderUtil/CORE]: Found 4 implementations of IModFileCandidateLocator:
[20Jun2025 19:47:27.176] [main/DEBUG] [net.neoforged.fml.util.ServiceLoaderUtil/CORE]: 	       0 - [built-in] net.neoforged.fml.loading.moddiscovery.locators.NeoForgeDevProvider from loader-4.0.39.jar
[20Jun2025 19:47:27.176] [main/DEBUG] [net.neoforged.fml.util.ServiceLoaderUtil/CORE]: 	       0 - net.neoforged.fml.loading.moddiscovery.locators.ModsFolderLocator from loader-4.0.39.jar
[20Jun2025 19:47:27.176] [main/DEBUG] [net.neoforged.fml.util.ServiceLoaderUtil/CORE]: 	       0 - net.neoforged.fml.loading.moddiscovery.locators.MavenDirectoryLocator from loader-4.0.39.jar
[20Jun2025 19:47:27.177] [main/DEBUG] [net.neoforged.fml.util.ServiceLoaderUtil/CORE]: 	   -1000 - [built-in] net.neoforged.fml.loading.moddiscovery.locators.UserdevLocator from loader-4.0.39.jar
[20Jun2025 19:47:27.179] [main/DEBUG] [net.neoforged.fml.util.ServiceLoaderUtil/CORE]: Found 2 implementations of IModFileReader:
[20Jun2025 19:47:27.180] [main/DEBUG] [net.neoforged.fml.util.ServiceLoaderUtil/CORE]: 	       0 - net.neoforged.fml.loading.moddiscovery.readers.JarModsDotTomlModFileReader from loader-4.0.39.jar
[20Jun2025 19:47:27.180] [main/DEBUG] [net.neoforged.fml.util.ServiceLoaderUtil/CORE]: 	   -1000 - net.neoforged.fml.loading.moddiscovery.readers.NestedLibraryModReader from loader-4.0.39.jar
[20Jun2025 19:47:27.183] [main/DEBUG] [net.neoforged.fml.util.ServiceLoaderUtil/CORE]: Found 1 implementations of IDependencyLocator:
[20Jun2025 19:47:27.184] [main/DEBUG] [net.neoforged.fml.util.ServiceLoaderUtil/CORE]: 	       0 - net.neoforged.fml.loading.moddiscovery.locators.JarInJarDependencyLocator from loader-4.0.39.jar
[20Jun2025 19:47:27.255] [main/DEBUG] [net.neoforged.fml.loading.moddiscovery.ModFileInfo/LOADING]: Found valid mod file neoforge-21.1.172-minecraft-merged.jar with {minecraft} mods - versions {1.21.1}
[20Jun2025 19:47:27.267] [main/DEBUG] [net.neoforged.fml.loading.moddiscovery.ModFileParser/LOADING]: Considering mod file candidate C:\Users\ultim\Desktop\Minecraft mod projects\Version 1.21.1\BetterMusicDiscs 1.21.1-NEOFORGE\build\moddev\artifacts\neoforge-21.1.172-minecraft-merged.jar
[20Jun2025 19:47:27.283] [main/DEBUG] [net.neoforged.fml.loading.moddiscovery.ModFileInfo/LOADING]: Found valid mod file neoforge-21.1.172-minecraft-merged.jar with {neoforge} mods - versions {21.1.172}
[20Jun2025 19:47:27.286] [main/DEBUG] [net.neoforged.fml.loading.moddiscovery.ModListHandler/CORE]: Found mod coordinates from lists: []
[20Jun2025 19:47:27.288] [main/DEBUG] [net.neoforged.fml.loading.moddiscovery.ModFileParser/LOADING]: Considering mod file candidate C:\Users\ultim\Desktop\Minecraft mod projects\Version 1.21.1\BetterMusicDiscs 1.21.1-NEOFORGE\build\classes\java\main
[20Jun2025 19:47:27.294] [main/DEBUG] [net.neoforged.fml.loading.moddiscovery.ModFileInfo/LOADING]: Found valid mod file main with {betterdiscs} mods - versions {1.0.0}
[20Jun2025 19:47:27.310] [main/DEBUG] [net.neoforged.fml.loading.moddiscovery.ModFileParser/LOADING]: Considering mod file candidate C:\Users\ultim\Desktop\Minecraft mod projects\Version 1.21.1\BetterMusicDiscs 1.21.1-NEOFORGE\build\moddev\artifacts\neoforge-21.1.172-minecraft-merged.jar
[20Jun2025 19:47:27.312] [main/DEBUG] [net.neoforged.fml.loading.moddiscovery.ModFileInfo/LOADING]: Found valid mod file neoforge-21.1.172-minecraft-merged.jar with {neoforge} mods - versions {21.1.172}
[20Jun2025 19:47:27.314] [main/DEBUG] [net.neoforged.fml.loading.moddiscovery.ModFileParser/LOADING]: Considering mod file candidate C:\Users\ultim\.gradle\caches\modules-2\files-2.1\mezz.jei\jei-1.21.1-neoforge\19.21.0.247\4d9ed6b03c67148ffe7406a84deb168a632e0a60\jei-1.21.1-neoforge-19.21.0.247.jar
[20Jun2025 19:47:27.318] [main/DEBUG] [net.neoforged.fml.loading.moddiscovery.ModFileInfo/LOADING]: Found valid mod file jei-1.21.1-neoforge-19.21.0.247.jar with {jei} mods - versions {19.21.0.247}
[20Jun2025 19:47:27.337] [main/DEBUG] [net.neoforged.fml.loading.moddiscovery.ModDiscoverer/]: Skipping C:\Users\ultim\.gradle\caches\modules-2\files-2.1\net.neoforged.fancymodloader\earlydisplay\4.0.39\4388fd457faa6f04f8858d92ead5f33a354693a0\earlydisplay-4.0.39.jar because it was already located earlier
[20Jun2025 19:47:27.337] [main/DEBUG] [net.neoforged.fml.loading.moddiscovery.ModDiscoverer/]: Skipping C:\Users\ultim\.gradle\caches\modules-2\files-2.1\net.neoforged.fancymodloader\loader\4.0.39\3721e43a7254e2861a63ab4a4ce716e4150d2640\loader-4.0.39.jar because it was already located earlier
[20Jun2025 19:47:27.337] [main/DEBUG] [net.neoforged.fml.loading.moddiscovery.ModDiscoverer/]: Skipping C:\Users\ultim\.gradle\caches\modules-2\files-2.1\net.neoforged.accesstransformers\at-modlauncher\10.0.1\5aba50202aceead086bc09fbc2751c9f05cb4890\at-modlauncher-10.0.1.jar because it was already located earlier
[20Jun2025 19:47:27.337] [main/DEBUG] [net.neoforged.fml.loading.moddiscovery.ModDiscoverer/]: Skipping C:\Users\ultim\.gradle\caches\modules-2\files-2.1\net.neoforged\accesstransformers\10.0.1\fd83b5725f76eae9115e9355fa1c456a6a441400\accesstransformers-10.0.1.jar because it was already located earlier
[20Jun2025 19:47:27.337] [main/DEBUG] [net.neoforged.fml.loading.moddiscovery.ModDiscoverer/]: Skipping C:\Users\ultim\.gradle\caches\modules-2\files-2.1\net.neoforged\bus\8.0.2\163c9ef7c4bcca6d850c34e95261b606af91fe06\bus-8.0.2.jar because it was already located earlier
[20Jun2025 19:47:27.338] [main/DEBUG] [net.neoforged.fml.loading.moddiscovery.ModDiscoverer/]: Skipping C:\Users\ultim\.gradle\caches\modules-2\files-2.1\net.neoforged\coremods\7.0.3\9147e6f638b4272b3bd5fc8f92ad37802512c6c\coremods-7.0.3.jar because it was already located earlier
[20Jun2025 19:47:27.338] [main/DEBUG] [net.neoforged.fml.loading.moddiscovery.ModDiscoverer/]: Skipping C:\Users\ultim\.gradle\caches\modules-2\files-2.1\cpw.mods\modlauncher\11.0.4\6619d4812a3c092310d521ebc4c9503727563df7\modlauncher-11.0.4.jar because it was already located earlier
[20Jun2025 19:47:27.338] [main/DEBUG] [net.neoforged.fml.loading.moddiscovery.ModDiscoverer/]: Skipping C:\Users\ultim\.gradle\caches\modules-2\files-2.1\net.neoforged\mergetool\2.0.0\52fe1949be64e3303aabaaa21e315f551db9c9f4\mergetool-2.0.0-api.jar because it was already located earlier
[20Jun2025 19:47:27.338] [main/DEBUG] [net.neoforged.fml.loading.moddiscovery.ModDiscoverer/]: Skipping C:\Users\ultim\.gradle\caches\modules-2\files-2.1\com.electronwill.night-config\toml\3.8.2\c128842f759692f613ea6c3ef0ef052273bbb38c\toml-3.8.2.jar because it was already located earlier
[20Jun2025 19:47:27.338] [main/DEBUG] [net.neoforged.fml.loading.moddiscovery.ModDiscoverer/]: Skipping C:\Users\ultim\.gradle\caches\modules-2\files-2.1\com.electronwill.night-config\core\3.8.2\94eee571e1524129804d08c75f6416a3be380ad4\core-3.8.2.jar because it was already located earlier
[20Jun2025 19:47:27.338] [main/DEBUG] [net.neoforged.fml.loading.moddiscovery.ModDiscoverer/]: Skipping C:\Users\ultim\.gradle\caches\modules-2\files-2.1\net.neoforged\JarJarSelector\0.4.1\fb3cc7a58af22ad2880adb98af6d518128c47dae\JarJarSelector-0.4.1.jar because it was already located earlier
[20Jun2025 19:47:27.339] [main/DEBUG] [net.neoforged.fml.loading.moddiscovery.ModDiscoverer/]: Skipping C:\Users\ultim\.gradle\caches\modules-2\files-2.1\net.neoforged\JarJarMetadata\0.4.1\f8da03683dc81694556dc3e177c5e3bb77ae6fcb\JarJarMetadata-0.4.1.jar because it was already located earlier
[20Jun2025 19:47:27.339] [main/DEBUG] [net.neoforged.fml.loading.moddiscovery.ModDiscoverer/]: Skipping C:\Users\ultim\.gradle\caches\modules-2\files-2.1\org.apache.maven\maven-artifact\3.8.5\4433f50c07debefaed0553bd0068f4f48d449313\maven-artifact-3.8.5.jar because it was already located earlier
[20Jun2025 19:47:27.339] [main/DEBUG] [net.neoforged.fml.loading.moddiscovery.ModDiscoverer/]: Skipping C:\Users\ultim\.gradle\caches\modules-2\files-2.1\net.jodah\typetools\0.6.3\a01aaa6ddaea9ec07ec4f209487b7a46a526283a\typetools-0.6.3.jar because it was already located earlier
[20Jun2025 19:47:27.339] [main/DEBUG] [net.neoforged.fml.loading.moddiscovery.ModDiscoverer/]: Skipping C:\Users\ultim\.gradle\caches\modules-2\files-2.1\net.minecrell\terminalconsoleappender\1.3.0\b562e9bb61235c9520e26282cdee71f8f802d1fc\terminalconsoleappender-1.3.0.jar because it was already located earlier
[20Jun2025 19:47:27.339] [main/DEBUG] [net.neoforged.fml.loading.moddiscovery.ModDiscoverer/]: Skipping C:\Users\ultim\.gradle\caches\modules-2\files-2.1\net.fabricmc\sponge-mixin\0.15.2+mixin.0.8.7\2af2f021d8e02a0220dc27a7a72b4666d66d44ca\sponge-mixin-0.15.2+mixin.0.8.7.jar because it was already located earlier
[20Jun2025 19:47:27.339] [main/DEBUG] [net.neoforged.fml.loading.moddiscovery.ModDiscoverer/]: Skipping C:\Users\ultim\.gradle\caches\modules-2\files-2.1\org.openjdk.nashorn\nashorn-core\15.4\f67f5ffaa5f5130cf6fb9b133da00c7df3b532a5\nashorn-core-15.4.jar because it was already located earlier
[20Jun2025 19:47:27.339] [main/DEBUG] [net.neoforged.fml.loading.moddiscovery.ModDiscoverer/]: Skipping C:\Users\ultim\.gradle\caches\modules-2\files-2.1\org.apache.commons\commons-lang3\3.14.0\1ed471194b02f2c6cb734a0cd6f6f107c673afae\commons-lang3-3.14.0.jar because it was already located earlier
[20Jun2025 19:47:27.340] [main/DEBUG] [net.neoforged.fml.loading.moddiscovery.ModDiscoverer/]: Skipping C:\Users\ultim\.gradle\caches\modules-2\files-2.1\net.sf.jopt-simple\jopt-simple\5.0.4\4fdac2fbe92dfad86aa6e9301736f6b4342a3f5c\jopt-simple-5.0.4.jar because it was already located earlier
[20Jun2025 19:47:27.340] [main/DEBUG] [net.neoforged.fml.loading.moddiscovery.ModDiscoverer/]: Skipping C:\Users\ultim\.gradle\caches\modules-2\files-2.1\commons-io\commons-io\2.15.1\f11560da189ab563a5c8e351941415430e9304ea\commons-io-2.15.1.jar because it was already located earlier
[20Jun2025 19:47:27.340] [main/DEBUG] [net.neoforged.fml.loading.moddiscovery.ModDiscoverer/]: Skipping C:\Users\ultim\.gradle\caches\modules-2\files-2.1\com.mojang\logging\1.2.7\24cb95ffb0e3433fd6e844c04e68009e504ca1c0\logging-1.2.7.jar because it was already located earlier
[20Jun2025 19:47:27.340] [main/DEBUG] [net.neoforged.fml.loading.moddiscovery.ModDiscoverer/]: Skipping C:\Users\ultim\.gradle\caches\modules-2\files-2.1\org.apache.logging.log4j\log4j-slf4j2-impl\2.22.1\d7e6693c2606cb7e7335047d7bb96dec52db5665\log4j-slf4j2-impl-2.22.1.jar because it was already located earlier
[20Jun2025 19:47:27.340] [main/DEBUG] [net.neoforged.fml.loading.moddiscovery.ModDiscoverer/]: Skipping C:\Users\ultim\.gradle\caches\modules-2\files-2.1\org.apache.logging.log4j\log4j-core\2.22.1\7183a25510a02ad00cc6a95d3b3d2a7d3c5a8dc4\log4j-core-2.22.1.jar because it was already located earlier
[20Jun2025 19:47:27.340] [main/DEBUG] [net.neoforged.fml.loading.moddiscovery.ModDiscoverer/]: Skipping C:\Users\ultim\.gradle\caches\modules-2\files-2.1\org.apache.logging.log4j\log4j-api\2.22.1\bea6fede6328fabafd7e68363161a7ea6605abd1\log4j-api-2.22.1.jar because it was already located earlier
[20Jun2025 19:47:27.340] [main/DEBUG] [net.neoforged.fml.loading.moddiscovery.ModDiscoverer/]: Skipping C:\Users\ultim\.gradle\caches\modules-2\files-2.1\com.google.guava\guava\32.1.2-jre\5e64ec7e056456bef3a4bc4c6fdaef71e8ab6318\guava-32.1.2-jre.jar because it was already located earlier
[20Jun2025 19:47:27.340] [main/DEBUG] [net.neoforged.fml.loading.moddiscovery.ModDiscoverer/]: Skipping C:\Users\ultim\.gradle\caches\modules-2\files-2.1\com.google.code.gson\gson\2.10.1\b3add478d4382b78ea20b1671390a858002feb6c\gson-2.10.1.jar because it was already located earlier
[20Jun2025 19:47:27.341] [main/DEBUG] [net.neoforged.fml.loading.moddiscovery.ModDiscoverer/]: Skipping C:\Users\ultim\.gradle\caches\modules-2\files-2.1\org.slf4j\slf4j-api\2.0.9\7cf2726fdcfbc8610f9a71fb3ed639871f315340\slf4j-api-2.0.9.jar because it was already located earlier
[20Jun2025 19:47:27.341] [main/DEBUG] [net.neoforged.fml.loading.moddiscovery.ModDiscoverer/]: Skipping C:\Users\ultim\.gradle\caches\modules-2\files-2.1\org.antlr\antlr4-runtime\4.13.1\17125bae1d965624e265ef49552f6465a2bfa307\antlr4-runtime-4.13.1.jar because it was already located earlier
[20Jun2025 19:47:27.341] [main/DEBUG] [net.neoforged.fml.loading.moddiscovery.ModDiscoverer/]: Skipping C:\Users\ultim\.gradle\caches\modules-2\files-2.1\net.minecraftforge\srgutils\0.4.15\ca408b131759478f164e010fae0d73997e125fb5\srgutils-0.4.15.jar because it was already located earlier
[20Jun2025 19:47:27.341] [main/DEBUG] [net.neoforged.fml.loading.moddiscovery.ModDiscoverer/]: Skipping C:\Users\ultim\.gradle\caches\modules-2\files-2.1\org.codehaus.plexus\plexus-utils\3.3.0\cf43b5391de623b36fe066a21127baef82c64022\plexus-utils-3.3.0.jar because it was already located earlier
[20Jun2025 19:47:27.341] [main/DEBUG] [net.neoforged.fml.loading.moddiscovery.ModDiscoverer/]: Skipping C:\Users\ultim\.gradle\caches\modules-2\files-2.1\org.jline\jline-reader\3.20.0\8f15415b022a25b473e8e16c28ae913186ffb9c4\jline-reader-3.20.0.jar because it was already located earlier
[20Jun2025 19:47:27.341] [main/DEBUG] [net.neoforged.fml.loading.moddiscovery.ModDiscoverer/]: Skipping C:\Users\ultim\.gradle\caches\modules-2\files-2.1\com.machinezoo.noexception\noexception\1.7.1\b65330c98e38a1f915fa54a6e5eca496505e3f0a\noexception-1.7.1.jar because it was already located earlier
[20Jun2025 19:47:27.341] [main/DEBUG] [net.neoforged.fml.loading.moddiscovery.ModDiscoverer/]: Skipping C:\Users\ultim\.gradle\caches\modules-2\files-2.1\com.github.oshi\oshi-core\6.4.10\b1d8ab82d11d92fd639b56d639f8f46f739dd5fa\oshi-core-6.4.10.jar because it was already located earlier
[20Jun2025 19:47:27.341] [main/DEBUG] [net.neoforged.fml.loading.moddiscovery.ModDiscoverer/]: Skipping C:\Users\ultim\.gradle\caches\modules-2\files-2.1\com.google.guava\failureaccess\1.0.1\1dcf1de382a0bf95a3d8b0849546c88bac1292c9\failureaccess-1.0.1.jar because it was already located earlier
[20Jun2025 19:47:27.341] [main/DEBUG] [net.neoforged.fml.loading.moddiscovery.ModDiscoverer/]: Skipping C:\Users\ultim\.gradle\caches\modules-2\files-2.1\com.ibm.icu\icu4j\73.2\61ad4ef7f9131fcf6d25c34b817f90d6da06c9e9\icu4j-73.2.jar because it was already located earlier
[20Jun2025 19:47:27.341] [main/DEBUG] [net.neoforged.fml.loading.moddiscovery.ModDiscoverer/]: Skipping C:\Users\ultim\.gradle\caches\modules-2\files-2.1\com.mojang\authlib\6.0.54\de8bc95660e1b2fe8793fd427a7a10dcec5b3ea7\authlib-6.0.54.jar because it was already located earlier
[20Jun2025 19:47:27.341] [main/DEBUG] [net.neoforged.fml.loading.moddiscovery.ModDiscoverer/]: Skipping C:\Users\ultim\.gradle\caches\modules-2\files-2.1\com.mojang\blocklist\1.0.10\5c685c5ffa94c4cd39496c7184c1d122e515ecef\blocklist-1.0.10.jar because it was already located earlier
[20Jun2025 19:47:27.342] [main/DEBUG] [net.neoforged.fml.loading.moddiscovery.ModDiscoverer/]: Skipping C:\Users\ultim\.gradle\caches\modules-2\files-2.1\com.mojang\brigadier\1.3.10\d15b53a14cf20fdcaa98f731af5dda654452c010\brigadier-1.3.10.jar because it was already located earlier
[20Jun2025 19:47:27.342] [main/DEBUG] [net.neoforged.fml.loading.moddiscovery.ModDiscoverer/]: Skipping C:\Users\ultim\.gradle\caches\modules-2\files-2.1\com.mojang\datafixerupper\8.0.16\67d4de6d7f95d89bcf5862995fb854ebaec02a34\datafixerupper-8.0.16.jar because it was already located earlier
[20Jun2025 19:47:27.342] [main/DEBUG] [net.neoforged.fml.loading.moddiscovery.ModDiscoverer/]: Skipping C:\Users\ultim\.gradle\caches\modules-2\files-2.1\com.mojang\patchy\2.2.10\da05971b07cbb379d002cf7eaec6a2048211fefc\patchy-2.2.10.jar because it was already located earlier
[20Jun2025 19:47:27.342] [main/DEBUG] [net.neoforged.fml.loading.moddiscovery.ModDiscoverer/]: Skipping C:\Users\ultim\.gradle\caches\modules-2\files-2.1\com.mojang\text2speech\1.17.9\3cad216e3a7f0c19b4b394388bc9ffc446f13b14\text2speech-1.17.9.jar because it was already located earlier
[20Jun2025 19:47:27.342] [main/DEBUG] [net.neoforged.fml.loading.moddiscovery.ModDiscoverer/]: Skipping C:\Users\ultim\.gradle\caches\modules-2\files-2.1\commons-codec\commons-codec\1.16.0\4e3eb3d79888d76b54e28b350915b5dc3919c9de\commons-codec-1.16.0.jar because it was already located earlier
[20Jun2025 19:47:27.342] [main/DEBUG] [net.neoforged.fml.loading.moddiscovery.ModDiscoverer/]: Skipping C:\Users\ultim\.gradle\caches\modules-2\files-2.1\commons-logging\commons-logging\1.2\4bfc12adfe4842bf07b657f0369c4cb522955686\commons-logging-1.2.jar because it was already located earlier
[20Jun2025 19:47:27.342] [main/DEBUG] [net.neoforged.fml.loading.moddiscovery.ModDiscoverer/]: Skipping C:\Users\ultim\.gradle\caches\modules-2\files-2.1\io.netty\netty-buffer\4.1.97.Final\f8f3d8644afa5e6e1a40a3a6aeb9d9aa970ecb4f\netty-buffer-4.1.97.Final.jar because it was already located earlier
[20Jun2025 19:47:27.342] [main/DEBUG] [net.neoforged.fml.loading.moddiscovery.ModDiscoverer/]: Skipping C:\Users\ultim\.gradle\caches\modules-2\files-2.1\io.netty\netty-codec\4.1.97.Final\384ba4d75670befbedb45c4d3b497a93639c206d\netty-codec-4.1.97.Final.jar because it was already located earlier
[20Jun2025 19:47:27.342] [main/DEBUG] [net.neoforged.fml.loading.moddiscovery.ModDiscoverer/]: Skipping C:\Users\ultim\.gradle\caches\modules-2\files-2.1\io.netty\netty-common\4.1.97.Final\7cceacaf11df8dc63f23d0fb58e9d4640fc88404\netty-common-4.1.97.Final.jar because it was already located earlier
[20Jun2025 19:47:27.343] [main/DEBUG] [net.neoforged.fml.loading.moddiscovery.ModDiscoverer/]: Skipping C:\Users\ultim\.gradle\caches\modules-2\files-2.1\io.netty\netty-handler\4.1.97.Final\abb86c6906bf512bf2b797a41cd7d2e8d3cd7c36\netty-handler-4.1.97.Final.jar because it was already located earlier
[20Jun2025 19:47:27.343] [main/DEBUG] [net.neoforged.fml.loading.moddiscovery.ModDiscoverer/]: Skipping C:\Users\ultim\.gradle\caches\modules-2\files-2.1\io.netty\netty-resolver\4.1.97.Final\cec8348108dc76c47cf87c669d514be52c922144\netty-resolver-4.1.97.Final.jar because it was already located earlier
[20Jun2025 19:47:27.343] [main/DEBUG] [net.neoforged.fml.loading.moddiscovery.ModDiscoverer/]: Skipping C:\Users\ultim\.gradle\caches\modules-2\files-2.1\io.netty\netty-transport-classes-epoll\4.1.97.Final\795da37ded759e862457a82d9d92c4d39ce8ecee\netty-transport-classes-epoll-4.1.97.Final.jar because it was already located earlier
[20Jun2025 19:47:27.343] [main/DEBUG] [net.neoforged.fml.loading.moddiscovery.ModDiscoverer/]: Skipping C:\Users\ultim\.gradle\caches\modules-2\files-2.1\io.netty\netty-transport-native-unix-common\4.1.97.Final\d469d84265ab70095b01b40886cabdd433b6e664\netty-transport-native-unix-common-4.1.97.Final.jar because it was already located earlier
[20Jun2025 19:47:27.343] [main/DEBUG] [net.neoforged.fml.loading.moddiscovery.ModDiscoverer/]: Skipping C:\Users\ultim\.gradle\caches\modules-2\files-2.1\io.netty\netty-transport\4.1.97.Final\f37380d23c9bb079bc702910833b2fd532c9abd0\netty-transport-4.1.97.Final.jar because it was already located earlier
[20Jun2025 19:47:27.343] [main/DEBUG] [net.neoforged.fml.loading.moddiscovery.ModDiscoverer/]: Skipping C:\Users\ultim\.gradle\caches\modules-2\files-2.1\it.unimi.dsi\fastutil\8.5.12\c24946d46824bd528054bface3231d2ecb7e95e8\fastutil-8.5.12.jar because it was already located earlier
[20Jun2025 19:47:27.343] [main/DEBUG] [net.neoforged.fml.loading.moddiscovery.ModDiscoverer/]: Skipping C:\Users\ultim\.gradle\caches\modules-2\files-2.1\net.java.dev.jna\jna-platform\5.14.0\28934d48aed814f11e4c584da55c49fa7032b31b\jna-platform-5.14.0.jar because it was already located earlier
[20Jun2025 19:47:27.343] [main/DEBUG] [net.neoforged.fml.loading.moddiscovery.ModDiscoverer/]: Skipping C:\Users\ultim\.gradle\caches\modules-2\files-2.1\net.java.dev.jna\jna\5.14.0\67bf3eaea4f0718cb376a181a629e5f88fa1c9dd\jna-5.14.0.jar because it was already located earlier
[20Jun2025 19:47:27.343] [main/DEBUG] [net.neoforged.fml.loading.moddiscovery.ModDiscoverer/]: Skipping C:\Users\ultim\.gradle\caches\modules-2\files-2.1\org.apache.commons\commons-compress\1.26.0\659feffdd12280201c8aacb8f7be94f9a883c824\commons-compress-1.26.0.jar because it was already located earlier
[20Jun2025 19:47:27.344] [main/DEBUG] [net.neoforged.fml.loading.moddiscovery.ModDiscoverer/]: Skipping C:\Users\ultim\.gradle\caches\modules-2\files-2.1\org.apache.httpcomponents\httpclient\4.5.13\e5f6cae5ca7ecaac1ec2827a9e2d65ae2869cada\httpclient-4.5.13.jar because it was already located earlier
[20Jun2025 19:47:27.344] [main/DEBUG] [net.neoforged.fml.loading.moddiscovery.ModDiscoverer/]: Skipping C:\Users\ultim\.gradle\caches\modules-2\files-2.1\org.apache.httpcomponents\httpcore\4.4.16\51cf043c87253c9f58b539c9f7e44c8894223850\httpcore-4.4.16.jar because it was already located earlier
[20Jun2025 19:47:27.344] [main/DEBUG] [net.neoforged.fml.loading.moddiscovery.ModDiscoverer/]: Skipping C:\Users\ultim\.gradle\caches\modules-2\files-2.1\org.jcraft\jorbis\0.0.17\8872d22b293e8f5d7d56ff92be966e6dc28ebdc6\jorbis-0.0.17.jar because it was already located earlier
[20Jun2025 19:47:27.345] [main/DEBUG] [net.neoforged.fml.loading.moddiscovery.ModDiscoverer/]: Skipping C:\Users\ultim\.gradle\caches\modules-2\files-2.1\org.joml\joml\1.10.5\22566d58af70ad3d72308bab63b8339906deb649\joml-1.10.5.jar because it was already located earlier
[20Jun2025 19:47:27.345] [main/DEBUG] [net.neoforged.fml.loading.moddiscovery.ModDiscoverer/]: Skipping C:\Users\ultim\.gradle\caches\modules-2\files-2.1\org.lwjgl\lwjgl-freetype\3.3.3\a0db6c84a8becc8ca05f9dbfa985edc348a824c7\lwjgl-freetype-3.3.3.jar because it was already located earlier
[20Jun2025 19:47:27.349] [main/DEBUG] [net.neoforged.fml.loading.moddiscovery.ModDiscoverer/]: Skipping C:\Users\ultim\.gradle\caches\modules-2\files-2.1\org.lwjgl\lwjgl-freetype\3.3.3\15a8c1de7f51d07a92eae7ce1222557073a0c0c3\lwjgl-freetype-3.3.3-natives-windows-x86.jar because it was already located earlier
[20Jun2025 19:47:27.350] [main/DEBUG] [net.neoforged.fml.loading.moddiscovery.ModDiscoverer/]: Skipping C:\Users\ultim\.gradle\caches\modules-2\files-2.1\org.lwjgl\lwjgl-glfw\3.3.3\efa1eb78c5ccd840e9f329717109b5e892d72f8e\lwjgl-glfw-3.3.3.jar because it was already located earlier
[20Jun2025 19:47:27.351] [pool-2-thread-1/INFO] [EARLYDISPLAY/]: GL info: AMD Radeon RX 6700 XT GL version 4.6.0 Core Profile Context 25.6.1.250522, ATI Technologies Inc.
[20Jun2025 19:47:27.354] [main/DEBUG] [net.neoforged.fml.loading.moddiscovery.ModDiscoverer/]: Skipping C:\Users\ultim\.gradle\caches\modules-2\files-2.1\org.lwjgl\lwjgl-glfw\3.3.3\32334f3fd5270a59bad9939a93115acb6de36dcf\lwjgl-glfw-3.3.3-natives-windows-x86.jar because it was already located earlier
[20Jun2025 19:47:27.354] [main/DEBUG] [net.neoforged.fml.loading.moddiscovery.ModDiscoverer/]: Skipping C:\Users\ultim\.gradle\caches\modules-2\files-2.1\org.lwjgl\lwjgl-jemalloc\3.3.3\b543467b7ff3c6920539a88ee602d34098628be5\lwjgl-jemalloc-3.3.3.jar because it was already located earlier
[20Jun2025 19:47:27.354] [main/DEBUG] [net.neoforged.fml.loading.moddiscovery.ModDiscoverer/]: Skipping C:\Users\ultim\.gradle\caches\modules-2\files-2.1\org.lwjgl\lwjgl-jemalloc\3.3.3\426222fc027602a5f21b9c0fe79cde6a4c7a011f\lwjgl-jemalloc-3.3.3-natives-windows.jar because it was already located earlier
[20Jun2025 19:47:27.358] [main/DEBUG] [net.neoforged.fml.loading.moddiscovery.ModDiscoverer/]: Skipping C:\Users\ultim\.gradle\caches\modules-2\files-2.1\org.lwjgl\lwjgl-openal\3.3.3\daada81ceb5fc0c291fbfdd4433cb8d9423577f2\lwjgl-openal-3.3.3.jar because it was already located earlier
[20Jun2025 19:47:27.363] [main/DEBUG] [net.neoforged.fml.loading.moddiscovery.ModDiscoverer/]: Skipping C:\Users\ultim\.gradle\caches\modules-2\files-2.1\org.lwjgl\lwjgl-openal\3.3.3\87b8d5050e3adb46bb58fe1cb2669a4a48fce10d\lwjgl-openal-3.3.3-natives-windows-x86.jar because it was already located earlier
[20Jun2025 19:47:27.363] [main/DEBUG] [net.neoforged.fml.loading.moddiscovery.ModDiscoverer/]: Skipping C:\Users\ultim\.gradle\caches\modules-2\files-2.1\org.lwjgl\lwjgl-opengl\3.3.3\2f6b0147078396a58979125a4c947664e98293a\lwjgl-opengl-3.3.3.jar because it was already located earlier
[20Jun2025 19:47:27.366] [main/DEBUG] [net.neoforged.fml.loading.moddiscovery.ModDiscoverer/]: Skipping C:\Users\ultim\.gradle\caches\modules-2\files-2.1\org.lwjgl\lwjgl-opengl\3.3.3\65e956d3735a1abdc82eff4baec1b61174697d4b\lwjgl-opengl-3.3.3-natives-windows-arm64.jar because it was already located earlier
[20Jun2025 19:47:27.369] [main/DEBUG] [net.neoforged.fml.loading.moddiscovery.ModDiscoverer/]: Skipping C:\Users\ultim\.gradle\caches\modules-2\files-2.1\org.lwjgl\lwjgl-stb\3.3.3\25dd6161988d7e65f71d5065c99902402ee32746\lwjgl-stb-3.3.3.jar because it was already located earlier
[20Jun2025 19:47:27.369] [main/DEBUG] [net.neoforged.fml.loading.moddiscovery.ModDiscoverer/]: Skipping C:\Users\ultim\.gradle\caches\modules-2\files-2.1\org.lwjgl\lwjgl-stb\3.3.3\1d9facdf6541de114b0f963be33505b7679c78cb\lwjgl-stb-3.3.3-natives-windows.jar because it was already located earlier
[20Jun2025 19:47:27.374] [main/DEBUG] [net.neoforged.fml.loading.moddiscovery.ModDiscoverer/]: Skipping C:\Users\ultim\.gradle\caches\modules-2\files-2.1\org.lwjgl\lwjgl-tinyfd\3.3.3\82d755ca94b102e9ca77283b9e2dc46d1b15fbe5\lwjgl-tinyfd-3.3.3.jar because it was already located earlier
[20Jun2025 19:47:27.374] [main/DEBUG] [net.neoforged.fml.loading.moddiscovery.ModDiscoverer/]: Skipping C:\Users\ultim\.gradle\caches\modules-2\files-2.1\org.lwjgl\lwjgl-tinyfd\3.3.3\a6697981b0449a5087c1d546fc08b4f73e8f98c9\lwjgl-tinyfd-3.3.3-natives-windows.jar because it was already located earlier
[20Jun2025 19:47:27.379] [main/DEBUG] [net.neoforged.fml.loading.moddiscovery.ModDiscoverer/]: Skipping C:\Users\ultim\.gradle\caches\modules-2\files-2.1\org.lwjgl\lwjgl\3.3.3\29589b5f87ed335a6c7e7ee6a5775f81f97ecb84\lwjgl-3.3.3.jar because it was already located earlier
[20Jun2025 19:47:27.384] [main/DEBUG] [net.neoforged.fml.loading.moddiscovery.ModDiscoverer/]: Skipping C:\Users\ultim\.gradle\caches\modules-2\files-2.1\org.lwjgl\lwjgl\3.3.3\9e670718e050aeaeea0c2d5b907cffb142f2e58f\lwjgl-3.3.3-natives-windows-x86.jar because it was already located earlier
[20Jun2025 19:47:27.385] [main/DEBUG] [net.neoforged.fml.loading.moddiscovery.ModDiscoverer/]: Skipping C:\Users\ultim\.gradle\caches\modules-2\files-2.1\org.lz4\lz4-java\1.8.0\4b986a99445e49ea5fbf5d149c4b63f6ed6c6780\lz4-java-1.8.0.jar because it was already located earlier
[20Jun2025 19:47:27.385] [main/DEBUG] [net.neoforged.fml.loading.moddiscovery.ModDiscoverer/]: Skipping C:\Users\ultim\.gradle\caches\modules-2\files-2.1\org.jline\jline-terminal\3.20.0\d0ddcc708ddf527a3454c941b7b9225cc83a15ff\jline-terminal-3.20.0.jar because it was already located earlier
[20Jun2025 19:47:27.385] [main/DEBUG] [net.neoforged.fml.loading.moddiscovery.ModDiscoverer/]: Skipping C:\Users\ultim\.gradle\caches\modules-2\files-2.1\com.google.guava\listenablefuture\9999.0-empty-to-avoid-conflict-with-guava\b421526c5f297295adef1c886e5246c39d4ac629\listenablefuture-9999.0-empty-to-avoid-conflict-with-guava.jar because it was already located earlier
[20Jun2025 19:47:27.385] [main/DEBUG] [net.neoforged.fml.loading.moddiscovery.ModDiscoverer/]: Skipping C:\Users\ultim\.gradle\caches\modules-2\files-2.1\com.google.code.findbugs\jsr305\3.0.2\25ea2e8b0c338a877313bd4672d3fe056ea78f0d\jsr305-3.0.2.jar because it was already located earlier
[20Jun2025 19:47:27.385] [main/DEBUG] [net.neoforged.fml.loading.moddiscovery.ModDiscoverer/]: Skipping C:\Users\ultim\.gradle\caches\modules-2\files-2.1\org.checkerframework\checker-qual\3.33.0\de2b60b62da487644fc11f734e73c8b0b431238f\checker-qual-3.33.0.jar because it was already located earlier
[20Jun2025 19:47:27.386] [main/DEBUG] [net.neoforged.fml.loading.moddiscovery.ModDiscoverer/]: Skipping C:\Users\ultim\.gradle\caches\modules-2\files-2.1\com.google.errorprone\error_prone_annotations\2.18.0\89b684257096f548fa39a7df9fdaa409d4d4df91\error_prone_annotations-2.18.0.jar because it was already located earlier
[20Jun2025 19:47:27.386] [main/DEBUG] [net.neoforged.fml.loading.moddiscovery.ModDiscoverer/]: Skipping C:\Users\ultim\.gradle\caches\modules-2\files-2.1\com.google.j2objc\j2objc-annotations\2.8\c85270e307e7b822f1086b93689124b89768e273\j2objc-annotations-2.8.jar because it was already located earlier
[20Jun2025 19:47:27.389] [main/DEBUG] [net.neoforged.fml.loading.UniqueModListBuilder/]: Found 2 mods for first modid neoforge, selecting most recent based on version data
[20Jun2025 19:47:27.389] [main/DEBUG] [net.neoforged.fml.loading.UniqueModListBuilder/]: Selected file neoforge-21.1.172-minecraft-merged.jar for modid neoforge with version 21.1.172
[20Jun2025 19:47:27.533] [main/INFO] [net.neoforged.fml.loading.moddiscovery.locators.JarInJarDependencyLocator/]: Found 2 dependencies adding them to mods collection
[20Jun2025 19:47:27.534] [main/INFO] [net.neoforged.fml.loading.moddiscovery.ModDiscoverer/]: 
     Mod List:
		Name Version (Mod Id)

		Jukebox Speaker 1.0.0 (betterdiscs)
		Just Enough Items 19.21.0.247 (jei)
		Minecraft 1.21.1 (minecraft)
		NeoForge 21.1.172 (neoforge)
[20Jun2025 19:47:27.536] [main/DEBUG] [net.neoforged.fml.loading.moddiscovery.ModFileInfo/LOADING]: Found valid mod file neoforge-21.1.172-minecraft-merged.jar with {minecraft} mods - versions {1.21.1}
[20Jun2025 19:47:27.540] [main/DEBUG] [net.neoforged.fml.loading.moddiscovery.ModFile/LOADING]: Loading mod file C:\Users\ultim\Desktop\Minecraft mod projects\Version 1.21.1\BetterMusicDiscs 1.21.1-NEOFORGE\build\moddev\artifacts\neoforge-21.1.172-minecraft-merged.jar with languages [LanguageSpec[languageName=minecraft, acceptedVersions=1]]
[20Jun2025 19:47:27.543] [main/DEBUG] [net.neoforged.fml.loading.moddiscovery.ModFileParser/LOADING]: Considering mod file candidate C:\Users\ultim\Desktop\Minecraft mod projects\Version 1.21.1\BetterMusicDiscs 1.21.1-NEOFORGE\build\moddev\artifacts\neoforge-21.1.172-minecraft-merged.jar
[20Jun2025 19:47:27.545] [main/DEBUG] [net.neoforged.fml.loading.moddiscovery.ModFileInfo/LOADING]: Found valid mod file neoforge-21.1.172-minecraft-merged.jar with {neoforge} mods - versions {21.1.172}
[20Jun2025 19:47:27.545] [main/DEBUG] [net.neoforged.fml.loading.moddiscovery.ModFile/LOADING]: Loading mod file C:\Users\ultim\Desktop\Minecraft mod projects\Version 1.21.1\BetterMusicDiscs 1.21.1-NEOFORGE\build\moddev\artifacts\neoforge-21.1.172-minecraft-merged.jar with languages [LanguageSpec[languageName=javafml, acceptedVersions=[3,]]]
[20Jun2025 19:47:27.547] [main/DEBUG] [net.neoforged.fml.loading.moddiscovery.ModFile/LOADING]: Found mixin config MixinConfig[config=neoforge.mixins.json, requiredMods=[]]
[20Jun2025 19:47:27.547] [main/DEBUG] [net.neoforged.fml.loading.moddiscovery.ModFileParser/LOADING]: Considering mod file candidate C:\Users\ultim\Desktop\Minecraft mod projects\Version 1.21.1\BetterMusicDiscs 1.21.1-NEOFORGE\build\classes\java\main
[20Jun2025 19:47:27.551] [main/DEBUG] [net.neoforged.fml.loading.moddiscovery.ModFileInfo/LOADING]: Found valid mod file main with {betterdiscs} mods - versions {1.0.0}
[20Jun2025 19:47:27.551] [main/DEBUG] [net.neoforged.fml.loading.moddiscovery.ModFile/LOADING]: Loading mod file C:\Users\ultim\Desktop\Minecraft mod projects\Version 1.21.1\BetterMusicDiscs 1.21.1-NEOFORGE\build\classes\java\main with languages [LanguageSpec[languageName=javafml, acceptedVersions=[4,)]]
[20Jun2025 19:47:27.551] [main/DEBUG] [net.neoforged.fml.loading.moddiscovery.ModFile/LOADING]: Found mixin config MixinConfig[config=betterdiscs.mixins.json, requiredMods=[]]
[20Jun2025 19:47:27.552] [main/DEBUG] [net.neoforged.fml.loading.moddiscovery.ModFileParser/LOADING]: Considering mod file candidate C:\Users\ultim\.gradle\caches\modules-2\files-2.1\mezz.jei\jei-1.21.1-neoforge\19.21.0.247\4d9ed6b03c67148ffe7406a84deb168a632e0a60\jei-1.21.1-neoforge-19.21.0.247.jar
[20Jun2025 19:47:27.555] [main/DEBUG] [net.neoforged.fml.loading.moddiscovery.ModFileInfo/LOADING]: Found valid mod file jei-1.21.1-neoforge-19.21.0.247.jar with {jei} mods - versions {19.21.0.247}
[20Jun2025 19:47:27.555] [main/DEBUG] [net.neoforged.fml.loading.moddiscovery.ModFile/LOADING]: Loading mod file C:\Users\ultim\.gradle\caches\modules-2\files-2.1\mezz.jei\jei-1.21.1-neoforge\19.21.0.247\4d9ed6b03c67148ffe7406a84deb168a632e0a60\jei-1.21.1-neoforge-19.21.0.247.jar with languages [LanguageSpec[languageName=javafml, acceptedVersions=[4,)]]
[20Jun2025 19:47:27.555] [main/DEBUG] [net.neoforged.fml.loading.moddiscovery.ModFile/LOADING]: Loading mod file  with languages []
[20Jun2025 19:47:27.558] [main/DEBUG] [cpw.mods.modlauncher.TransformationServiceDecorator/MODLAUNCHER]: End scan trigger - transformation service fml
[20Jun2025 19:47:27.582] [main/DEBUG] [net.neoforged.fml.util.ServiceLoaderUtil/CORE]: Found 3 implementations of IModLanguageLoader:
[20Jun2025 19:47:27.582] [main/DEBUG] [net.neoforged.fml.util.ServiceLoaderUtil/CORE]: 	net.neoforged.fml.javafmlmod.FMLJavaModLanguageProvider from loader-4.0.39.jar
[20Jun2025 19:47:27.583] [main/DEBUG] [net.neoforged.fml.util.ServiceLoaderUtil/CORE]: 	net.neoforged.fml.lowcodemod.LowCodeModLanguageProvider from loader-4.0.39.jar
[20Jun2025 19:47:27.583] [main/DEBUG] [net.neoforged.fml.util.ServiceLoaderUtil/CORE]: 	net.neoforged.fml.mclanguageprovider.MinecraftModLanguageProvider from loader-4.0.39.jar
[20Jun2025 19:47:27.584] [main/DEBUG] [net.neoforged.fml.loading.LanguageProviderLoader/CORE]: Found language provider javafml, version 4.0.39
[20Jun2025 19:47:27.586] [main/DEBUG] [net.neoforged.fml.loading.LanguageProviderLoader/CORE]: Found language provider lowcodefml, version 4.0.39
[20Jun2025 19:47:27.587] [main/DEBUG] [net.neoforged.fml.loading.LanguageProviderLoader/CORE]: Found language provider minecraft, version 4.0.39
[20Jun2025 19:47:27.600] [main/DEBUG] [net.neoforged.fml.loading.ModSorter/]: Configured system mods: [minecraft, neoforge]
[20Jun2025 19:47:27.601] [main/DEBUG] [net.neoforged.fml.loading.ModSorter/]: Found system mod: minecraft
[20Jun2025 19:47:27.601] [main/DEBUG] [net.neoforged.fml.loading.ModSorter/]: Found system mod: neoforge
[20Jun2025 19:47:27.606] [main/DEBUG] [net.neoforged.fml.loading.ModSorter/LOADING]: Found 4 mod requirements (4 mandatory, 0 optional)
[20Jun2025 19:47:27.609] [main/DEBUG] [net.neoforged.fml.loading.ModSorter/LOADING]: Found 0 mod requirements missing (0 mandatory, 0 optional)
[20Jun2025 19:47:27.797] [main/DEBUG] [mixin/]: Adding mixin platform agents for container net.neoforged.fml.loading.mixin.FMLMixinContainerHandle@234a8f27
[20Jun2025 19:47:27.797] [main/DEBUG] [mixin/]: Instancing new MixinPlatformAgentMinecraftForge for net.neoforged.fml.loading.mixin.FMLMixinContainerHandle@234a8f27
[20Jun2025 19:47:27.797] [main/DEBUG] [mixin/]: MixinPlatformAgentMinecraftForge rejected container net.neoforged.fml.loading.mixin.FMLMixinContainerHandle@234a8f27
[20Jun2025 19:47:27.797] [main/DEBUG] [mixin/]: Instancing new MixinPlatformAgentDefault for net.neoforged.fml.loading.mixin.FMLMixinContainerHandle@234a8f27
[20Jun2025 19:47:27.798] [main/DEBUG] [mixin/]: MixinPlatformAgentDefault accepted container net.neoforged.fml.loading.mixin.FMLMixinContainerHandle@234a8f27
[20Jun2025 19:47:27.798] [main/DEBUG] [mixin/]: Instancing new FMLMixinPlatformAgent for net.neoforged.fml.loading.mixin.FMLMixinContainerHandle@234a8f27
[20Jun2025 19:47:27.798] [main/DEBUG] [mixin/]: FMLMixinPlatformAgent accepted container net.neoforged.fml.loading.mixin.FMLMixinContainerHandle@234a8f27
[20Jun2025 19:47:27.818] [main/DEBUG] [cpw.mods.modlauncher.TransformationServicesHandler/MODLAUNCHER]: Transformation services loading transformers
[20Jun2025 19:47:27.819] [main/DEBUG] [cpw.mods.modlauncher.TransformationServiceDecorator/MODLAUNCHER]: Initializing transformers for transformation service mixin
[20Jun2025 19:47:27.821] [main/DEBUG] [cpw.mods.modlauncher.TransformationServiceDecorator/MODLAUNCHER]: Initialized transformers for transformation service mixin
[20Jun2025 19:47:27.821] [main/DEBUG] [cpw.mods.modlauncher.TransformationServiceDecorator/MODLAUNCHER]: Initializing transformers for transformation service fml
[20Jun2025 19:47:27.821] [main/DEBUG] [net.neoforged.fml.loading.FMLServiceProvider/LOADING]: Loading coremod transformers
[20Jun2025 19:47:27.822] [main/DEBUG] [net.neoforged.fml.loading.FMLServiceProvider/CORE]: Not loading coremod script-engine since no mod requested it
[20Jun2025 19:47:27.824] [main/DEBUG] [net.neoforged.fml.util.ServiceLoaderUtil/CORE]: Found 1 implementations of ICoreMod:
[20Jun2025 19:47:27.825] [main/DEBUG] [net.neoforged.fml.util.ServiceLoaderUtil/CORE]: 	net.neoforged.neoforge.coremods.NeoForgeCoreMod from neoforge-21.1.172-minecraft-merged.jar > net.neoforged.neoforge-coremods-21.1.172.jar
[20Jun2025 19:47:27.848] [main/DEBUG] [net.neoforged.fml.loading.FMLServiceProvider/CORE]: Adding [Target[className=net.minecraft.world.level.biome.Biome, elementName=, elementDescriptor=, targetType=cpw.mods.modlauncher.api.TargetType@44e3a2b2]] transformer from core-mod net.neoforged.neoforge.coremods.NeoForgeCoreMod@359b650b in neoforge-21.1.172-minecraft-merged.jar > net.neoforged.neoforge-coremods-21.1.172.jar
[20Jun2025 19:47:27.849] [main/DEBUG] [net.neoforged.fml.loading.FMLServiceProvider/CORE]: Adding [Target[className=net.minecraft.world.level.levelgen.structure.Structure, elementName=, elementDescriptor=, targetType=cpw.mods.modlauncher.api.TargetType@44e3a2b2]] transformer from core-mod net.neoforged.neoforge.coremods.NeoForgeCoreMod@359b650b in neoforge-21.1.172-minecraft-merged.jar > net.neoforged.neoforge-coremods-21.1.172.jar
[20Jun2025 19:47:27.849] [main/DEBUG] [net.neoforged.fml.loading.FMLServiceProvider/CORE]: Adding [Target[className=net.minecraft.world.level.block.FlowerPotBlock, elementName=, elementDescriptor=, targetType=cpw.mods.modlauncher.api.TargetType@44e3a2b2]] transformer from core-mod net.neoforged.neoforge.coremods.NeoForgeCoreMod@359b650b in neoforge-21.1.172-minecraft-merged.jar > net.neoforged.neoforge-coremods-21.1.172.jar
[20Jun2025 19:47:27.849] [main/DEBUG] [net.neoforged.fml.loading.FMLServiceProvider/CORE]: Adding [Target[className=net/minecraft/world/entity/animal/horse/SkeletonTrapGoal, elementName=, elementDescriptor=, targetType=cpw.mods.modlauncher.api.TargetType@44e3a2b2], Target[className=net/minecraft/world/entity/raid/Raid, elementName=, elementDescriptor=, targetType=cpw.mods.modlauncher.api.TargetType@44e3a2b2], Target[className=net/minecraft/world/level/levelgen/structure/templatesystem/StructureTemplate, elementName=, elementDescriptor=, targetType=cpw.mods.modlauncher.api.TargetType@44e3a2b2], Target[className=net/minecraft/world/entity/EntityType, elementName=, elementDescriptor=, targetType=cpw.mods.modlauncher.api.TargetType@44e3a2b2], Target[className=net/minecraft/world/entity/monster/Strider, elementName=, elementDescriptor=, targetType=cpw.mods.modlauncher.api.TargetType@44e3a2b2], Target[className=net/minecraft/world/level/levelgen/structure/structures/SwampHutPiece, elementName=, elementDescriptor=, targetType=cpw.mods.modlauncher.api.TargetType@44e3a2b2], Target[className=net/minecraft/world/entity/animal/frog/Tadpole, elementName=, elementDescriptor=, targetType=cpw.mods.modlauncher.api.TargetType@44e3a2b2], Target[className=net/minecraft/world/entity/npc/Villager, elementName=, elementDescriptor=, targetType=cpw.mods.modlauncher.api.TargetType@44e3a2b2], Target[className=net/minecraft/world/entity/npc/CatSpawner, elementName=, elementDescriptor=, targetType=cpw.mods.modlauncher.api.TargetType@44e3a2b2], Target[className=net/minecraft/world/level/levelgen/PhantomSpawner, elementName=, elementDescriptor=, targetType=cpw.mods.modlauncher.api.TargetType@44e3a2b2], Target[className=net/minecraft/world/entity/monster/Evoker$EvokerSummonSpellGoal, elementName=, elementDescriptor=, targetType=cpw.mods.modlauncher.api.TargetType@44e3a2b2], Target[className=net/minecraft/world/level/levelgen/structure/structures/OceanRuinPieces$OceanRuinPiece, elementName=, elementDescriptor=, targetType=cpw.mods.modlauncher.api.TargetType@44e3a2b2], Target[className=net/minecraft/world/level/levelgen/PatrolSpawner, elementName=, elementDescriptor=, targetType=cpw.mods.modlauncher.api.TargetType@44e3a2b2], Target[className=net/minecraft/world/level/NaturalSpawner, elementName=, elementDescriptor=, targetType=cpw.mods.modlauncher.api.TargetType@44e3a2b2], Target[className=net/minecraft/world/entity/ai/village/VillageSiege, elementName=, elementDescriptor=, targetType=cpw.mods.modlauncher.api.TargetType@44e3a2b2], Target[className=net/minecraft/server/commands/RaidCommand, elementName=, elementDescriptor=, targetType=cpw.mods.modlauncher.api.TargetType@44e3a2b2], Target[className=net/minecraft/server/commands/SummonCommand, elementName=, elementDescriptor=, targetType=cpw.mods.modlauncher.api.TargetType@44e3a2b2], Target[className=net/minecraft/world/level/levelgen/structure/structures/WoodlandMansionPieces$WoodlandMansionPiece, elementName=, elementDescriptor=, targetType=cpw.mods.modlauncher.api.TargetType@44e3a2b2], Target[className=net/minecraft/world/entity/monster/Spider, elementName=, elementDescriptor=, targetType=cpw.mods.modlauncher.api.TargetType@44e3a2b2], Target[className=net/minecraft/world/entity/monster/Zombie, elementName=, elementDescriptor=, targetType=cpw.mods.modlauncher.api.TargetType@44e3a2b2], Target[className=net/minecraft/world/entity/monster/ZombieVillager, elementName=, elementDescriptor=, targetType=cpw.mods.modlauncher.api.TargetType@44e3a2b2], Target[className=net/minecraft/world/level/levelgen/structure/structures/OceanMonumentPieces$OceanMonumentPiece, elementName=, elementDescriptor=, targetType=cpw.mods.modlauncher.api.TargetType@44e3a2b2]] transformer from core-mod net.neoforged.neoforge.coremods.NeoForgeCoreMod@359b650b in neoforge-21.1.172-minecraft-merged.jar > net.neoforged.neoforge-coremods-21.1.172.jar
[20Jun2025 19:47:27.859] [main/DEBUG] [cpw.mods.modlauncher.TransformStore/MODLAUNCHER]: Adding transformer net.neoforged.neoforge.coremods.ReplaceFieldWithGetterAccess@14f3c6fc to Target : cpw.mods.modlauncher.api.TargetType@44e3a2b2 {Lnet/minecraft/world/level/biome/Biome;} {} {V}
[20Jun2025 19:47:27.863] [main/DEBUG] [cpw.mods.modlauncher.TransformStore/MODLAUNCHER]: Adding transformer net.neoforged.neoforge.coremods.ReplaceFieldWithGetterAccess@3bead518 to Target : cpw.mods.modlauncher.api.TargetType@44e3a2b2 {Lnet/minecraft/world/level/levelgen/structure/Structure;} {} {V}
[20Jun2025 19:47:27.864] [main/DEBUG] [cpw.mods.modlauncher.TransformStore/MODLAUNCHER]: Adding transformer net.neoforged.neoforge.coremods.ReplaceFieldWithGetterAccess@14bf57b2 to Target : cpw.mods.modlauncher.api.TargetType@44e3a2b2 {Lnet/minecraft/world/level/block/FlowerPotBlock;} {} {V}
[20Jun2025 19:47:27.864] [main/DEBUG] [cpw.mods.modlauncher.TransformStore/MODLAUNCHER]: Adding transformer net.neoforged.neoforge.coremods.MethodRedirector@46d9aec8 to Target : cpw.mods.modlauncher.api.TargetType@44e3a2b2 {Lnet/minecraft/world/entity/animal/horse/SkeletonTrapGoal;} {} {V}
[20Jun2025 19:47:27.864] [main/DEBUG] [cpw.mods.modlauncher.TransformStore/MODLAUNCHER]: Adding transformer net.neoforged.neoforge.coremods.MethodRedirector@46d9aec8 to Target : cpw.mods.modlauncher.api.TargetType@44e3a2b2 {Lnet/minecraft/world/entity/raid/Raid;} {} {V}
[20Jun2025 19:47:27.864] [main/DEBUG] [cpw.mods.modlauncher.TransformStore/MODLAUNCHER]: Adding transformer net.neoforged.neoforge.coremods.MethodRedirector@46d9aec8 to Target : cpw.mods.modlauncher.api.TargetType@44e3a2b2 {Lnet/minecraft/world/level/levelgen/structure/templatesystem/StructureTemplate;} {} {V}
[20Jun2025 19:47:27.864] [main/DEBUG] [cpw.mods.modlauncher.TransformStore/MODLAUNCHER]: Adding transformer net.neoforged.neoforge.coremods.MethodRedirector@46d9aec8 to Target : cpw.mods.modlauncher.api.TargetType@44e3a2b2 {Lnet/minecraft/world/entity/EntityType;} {} {V}
[20Jun2025 19:47:27.864] [main/DEBUG] [cpw.mods.modlauncher.TransformStore/MODLAUNCHER]: Adding transformer net.neoforged.neoforge.coremods.MethodRedirector@46d9aec8 to Target : cpw.mods.modlauncher.api.TargetType@44e3a2b2 {Lnet/minecraft/world/entity/monster/Strider;} {} {V}
[20Jun2025 19:47:27.864] [main/DEBUG] [cpw.mods.modlauncher.TransformStore/MODLAUNCHER]: Adding transformer net.neoforged.neoforge.coremods.MethodRedirector@46d9aec8 to Target : cpw.mods.modlauncher.api.TargetType@44e3a2b2 {Lnet/minecraft/world/level/levelgen/structure/structures/SwampHutPiece;} {} {V}
[20Jun2025 19:47:27.864] [main/DEBUG] [cpw.mods.modlauncher.TransformStore/MODLAUNCHER]: Adding transformer net.neoforged.neoforge.coremods.MethodRedirector@46d9aec8 to Target : cpw.mods.modlauncher.api.TargetType@44e3a2b2 {Lnet/minecraft/world/entity/animal/frog/Tadpole;} {} {V}
[20Jun2025 19:47:27.864] [main/DEBUG] [cpw.mods.modlauncher.TransformStore/MODLAUNCHER]: Adding transformer net.neoforged.neoforge.coremods.MethodRedirector@46d9aec8 to Target : cpw.mods.modlauncher.api.TargetType@44e3a2b2 {Lnet/minecraft/world/entity/npc/Villager;} {} {V}
[20Jun2025 19:47:27.864] [main/DEBUG] [cpw.mods.modlauncher.TransformStore/MODLAUNCHER]: Adding transformer net.neoforged.neoforge.coremods.MethodRedirector@46d9aec8 to Target : cpw.mods.modlauncher.api.TargetType@44e3a2b2 {Lnet/minecraft/world/entity/npc/CatSpawner;} {} {V}
[20Jun2025 19:47:27.864] [main/DEBUG] [cpw.mods.modlauncher.TransformStore/MODLAUNCHER]: Adding transformer net.neoforged.neoforge.coremods.MethodRedirector@46d9aec8 to Target : cpw.mods.modlauncher.api.TargetType@44e3a2b2 {Lnet/minecraft/world/level/levelgen/PhantomSpawner;} {} {V}
[20Jun2025 19:47:27.864] [main/DEBUG] [cpw.mods.modlauncher.TransformStore/MODLAUNCHER]: Adding transformer net.neoforged.neoforge.coremods.MethodRedirector@46d9aec8 to Target : cpw.mods.modlauncher.api.TargetType@44e3a2b2 {Lnet/minecraft/world/entity/monster/Evoker$EvokerSummonSpellGoal;} {} {V}
[20Jun2025 19:47:27.864] [main/DEBUG] [cpw.mods.modlauncher.TransformStore/MODLAUNCHER]: Adding transformer net.neoforged.neoforge.coremods.MethodRedirector@46d9aec8 to Target : cpw.mods.modlauncher.api.TargetType@44e3a2b2 {Lnet/minecraft/world/level/levelgen/structure/structures/OceanRuinPieces$OceanRuinPiece;} {} {V}
[20Jun2025 19:47:27.865] [main/DEBUG] [cpw.mods.modlauncher.TransformStore/MODLAUNCHER]: Adding transformer net.neoforged.neoforge.coremods.MethodRedirector@46d9aec8 to Target : cpw.mods.modlauncher.api.TargetType@44e3a2b2 {Lnet/minecraft/world/level/levelgen/PatrolSpawner;} {} {V}
[20Jun2025 19:47:27.865] [main/DEBUG] [cpw.mods.modlauncher.TransformStore/MODLAUNCHER]: Adding transformer net.neoforged.neoforge.coremods.MethodRedirector@46d9aec8 to Target : cpw.mods.modlauncher.api.TargetType@44e3a2b2 {Lnet/minecraft/world/level/NaturalSpawner;} {} {V}
[20Jun2025 19:47:27.865] [main/DEBUG] [cpw.mods.modlauncher.TransformStore/MODLAUNCHER]: Adding transformer net.neoforged.neoforge.coremods.MethodRedirector@46d9aec8 to Target : cpw.mods.modlauncher.api.TargetType@44e3a2b2 {Lnet/minecraft/world/entity/ai/village/VillageSiege;} {} {V}
[20Jun2025 19:47:27.865] [main/DEBUG] [cpw.mods.modlauncher.TransformStore/MODLAUNCHER]: Adding transformer net.neoforged.neoforge.coremods.MethodRedirector@46d9aec8 to Target : cpw.mods.modlauncher.api.TargetType@44e3a2b2 {Lnet/minecraft/server/commands/RaidCommand;} {} {V}
[20Jun2025 19:47:27.865] [main/DEBUG] [cpw.mods.modlauncher.TransformStore/MODLAUNCHER]: Adding transformer net.neoforged.neoforge.coremods.MethodRedirector@46d9aec8 to Target : cpw.mods.modlauncher.api.TargetType@44e3a2b2 {Lnet/minecraft/server/commands/SummonCommand;} {} {V}
[20Jun2025 19:47:27.865] [main/DEBUG] [cpw.mods.modlauncher.TransformStore/MODLAUNCHER]: Adding transformer net.neoforged.neoforge.coremods.MethodRedirector@46d9aec8 to Target : cpw.mods.modlauncher.api.TargetType@44e3a2b2 {Lnet/minecraft/world/level/levelgen/structure/structures/WoodlandMansionPieces$WoodlandMansionPiece;} {} {V}
[20Jun2025 19:47:27.865] [main/DEBUG] [cpw.mods.modlauncher.TransformStore/MODLAUNCHER]: Adding transformer net.neoforged.neoforge.coremods.MethodRedirector@46d9aec8 to Target : cpw.mods.modlauncher.api.TargetType@44e3a2b2 {Lnet/minecraft/world/entity/monster/Spider;} {} {V}
[20Jun2025 19:47:27.865] [main/DEBUG] [cpw.mods.modlauncher.TransformStore/MODLAUNCHER]: Adding transformer net.neoforged.neoforge.coremods.MethodRedirector@46d9aec8 to Target : cpw.mods.modlauncher.api.TargetType@44e3a2b2 {Lnet/minecraft/world/entity/monster/Zombie;} {} {V}
[20Jun2025 19:47:27.865] [main/DEBUG] [cpw.mods.modlauncher.TransformStore/MODLAUNCHER]: Adding transformer net.neoforged.neoforge.coremods.MethodRedirector@46d9aec8 to Target : cpw.mods.modlauncher.api.TargetType@44e3a2b2 {Lnet/minecraft/world/entity/monster/ZombieVillager;} {} {V}
[20Jun2025 19:47:27.865] [main/DEBUG] [cpw.mods.modlauncher.TransformStore/MODLAUNCHER]: Adding transformer net.neoforged.neoforge.coremods.MethodRedirector@46d9aec8 to Target : cpw.mods.modlauncher.api.TargetType@44e3a2b2 {Lnet/minecraft/world/level/levelgen/structure/structures/OceanMonumentPieces$OceanMonumentPiece;} {} {V}
[20Jun2025 19:47:27.866] [main/DEBUG] [cpw.mods.modlauncher.TransformationServiceDecorator/MODLAUNCHER]: Initialized transformers for transformation service fml
[20Jun2025 19:47:28.783] [main/DEBUG] [mixin/]: Processing prepare() for PlatformAgent[MixinPlatformAgentDefault:ModLauncher Root Container(ModLauncher:4f56a0a2)]
[20Jun2025 19:47:28.784] [main/DEBUG] [mixin/]: Processing prepare() for PlatformAgent[MixinPlatformAgentDefault:net.neoforged.fml.loading.mixin.FMLMixinContainerHandle@234a8f27]
[20Jun2025 19:47:28.784] [main/DEBUG] [mixin/]: Processing prepare() for PlatformAgent[FMLMixinPlatformAgent:null]
[20Jun2025 19:47:28.899] [main/DEBUG] [mixin/]: Compatibility level JAVA_21 specified by betterdiscs.mixins.json is higher than the maximum level supported by this version of mixin (JAVA_13).
[20Jun2025 19:47:28.908] [main/INFO] [mixin/]: Compatibility level set to JAVA_21
[20Jun2025 19:47:28.910] [main/DEBUG] [mixin/]: Processing launch tasks for PlatformAgent[MixinPlatformAgentDefault:ModLauncher Root Container(ModLauncher:4f56a0a2)]
[20Jun2025 19:47:28.911] [main/DEBUG] [mixin/]: Adding mixin platform agents for container SecureJarResource(mixin_synthetic)
[20Jun2025 19:47:28.911] [main/DEBUG] [mixin/]: Instancing new MixinPlatformAgentMinecraftForge for SecureJarResource(mixin_synthetic)
[20Jun2025 19:47:28.912] [main/DEBUG] [mixin/]: MixinPlatformAgentMinecraftForge rejected container SecureJarResource(mixin_synthetic)
[20Jun2025 19:47:28.912] [main/DEBUG] [mixin/]: Instancing new MixinPlatformAgentDefault for SecureJarResource(mixin_synthetic)
[20Jun2025 19:47:28.912] [main/DEBUG] [mixin/]: MixinPlatformAgentDefault accepted container SecureJarResource(mixin_synthetic)
[20Jun2025 19:47:28.912] [main/DEBUG] [mixin/]: Instancing new FMLMixinPlatformAgent for SecureJarResource(mixin_synthetic)
[20Jun2025 19:47:28.912] [main/DEBUG] [mixin/]: FMLMixinPlatformAgent rejected container SecureJarResource(mixin_synthetic)
[20Jun2025 19:47:28.912] [main/DEBUG] [mixin/]: Processing prepare() for PlatformAgent[MixinPlatformAgentDefault:SecureJarResource(mixin_synthetic)]
[20Jun2025 19:47:28.913] [main/DEBUG] [mixin/]: Adding mixin platform agents for container SecureJarResource(minecraft)
[20Jun2025 19:47:28.913] [main/DEBUG] [mixin/]: Instancing new MixinPlatformAgentMinecraftForge for SecureJarResource(minecraft)
[20Jun2025 19:47:28.913] [main/DEBUG] [mixin/]: MixinPlatformAgentMinecraftForge rejected container SecureJarResource(minecraft)
[20Jun2025 19:47:28.913] [main/DEBUG] [mixin/]: Instancing new MixinPlatformAgentDefault for SecureJarResource(minecraft)
[20Jun2025 19:47:28.913] [main/DEBUG] [mixin/]: MixinPlatformAgentDefault accepted container SecureJarResource(minecraft)
[20Jun2025 19:47:28.913] [main/DEBUG] [mixin/]: Instancing new FMLMixinPlatformAgent for SecureJarResource(minecraft)
[20Jun2025 19:47:28.913] [main/DEBUG] [mixin/]: FMLMixinPlatformAgent rejected container SecureJarResource(minecraft)
[20Jun2025 19:47:28.913] [main/DEBUG] [mixin/]: Processing prepare() for PlatformAgent[MixinPlatformAgentDefault:SecureJarResource(minecraft)]
[20Jun2025 19:47:28.913] [main/DEBUG] [mixin/]: Adding mixin platform agents for container SecureJarResource(jei)
[20Jun2025 19:47:28.913] [main/DEBUG] [mixin/]: Instancing new MixinPlatformAgentMinecraftForge for SecureJarResource(jei)
[20Jun2025 19:47:28.914] [main/DEBUG] [mixin/]: MixinPlatformAgentMinecraftForge rejected container SecureJarResource(jei)
[20Jun2025 19:47:28.914] [main/DEBUG] [mixin/]: Instancing new MixinPlatformAgentDefault for SecureJarResource(jei)
[20Jun2025 19:47:28.914] [main/DEBUG] [mixin/]: MixinPlatformAgentDefault accepted container SecureJarResource(jei)
[20Jun2025 19:47:28.914] [main/DEBUG] [mixin/]: Instancing new FMLMixinPlatformAgent for SecureJarResource(jei)
[20Jun2025 19:47:28.914] [main/DEBUG] [mixin/]: FMLMixinPlatformAgent rejected container SecureJarResource(jei)
[20Jun2025 19:47:28.914] [main/DEBUG] [mixin/]: Processing prepare() for PlatformAgent[MixinPlatformAgentDefault:SecureJarResource(jei)]
[20Jun2025 19:47:28.914] [main/DEBUG] [mixin/]: Adding mixin platform agents for container SecureJarResource(betterdiscs)
[20Jun2025 19:47:28.914] [main/DEBUG] [mixin/]: Instancing new MixinPlatformAgentMinecraftForge for SecureJarResource(betterdiscs)
[20Jun2025 19:47:28.914] [main/DEBUG] [mixin/]: MixinPlatformAgentMinecraftForge rejected container SecureJarResource(betterdiscs)
[20Jun2025 19:47:28.914] [main/DEBUG] [mixin/]: Instancing new MixinPlatformAgentDefault for SecureJarResource(betterdiscs)
[20Jun2025 19:47:28.914] [main/DEBUG] [mixin/]: MixinPlatformAgentDefault accepted container SecureJarResource(betterdiscs)
[20Jun2025 19:47:28.914] [main/DEBUG] [mixin/]: Instancing new FMLMixinPlatformAgent for SecureJarResource(betterdiscs)
[20Jun2025 19:47:28.914] [main/DEBUG] [mixin/]: FMLMixinPlatformAgent rejected container SecureJarResource(betterdiscs)
[20Jun2025 19:47:28.915] [main/DEBUG] [mixin/]: Processing prepare() for PlatformAgent[MixinPlatformAgentDefault:SecureJarResource(betterdiscs)]
[20Jun2025 19:47:28.915] [main/DEBUG] [mixin/]: Adding mixin platform agents for container SecureJarResource(mixinextras.neoforge)
[20Jun2025 19:47:28.915] [main/DEBUG] [mixin/]: Instancing new MixinPlatformAgentMinecraftForge for SecureJarResource(mixinextras.neoforge)
[20Jun2025 19:47:28.915] [main/DEBUG] [mixin/]: MixinPlatformAgentMinecraftForge rejected container SecureJarResource(mixinextras.neoforge)
[20Jun2025 19:47:28.915] [main/DEBUG] [mixin/]: Instancing new MixinPlatformAgentDefault for SecureJarResource(mixinextras.neoforge)
[20Jun2025 19:47:28.915] [main/DEBUG] [mixin/]: MixinPlatformAgentDefault accepted container SecureJarResource(mixinextras.neoforge)
[20Jun2025 19:47:28.915] [main/DEBUG] [mixin/]: Instancing new FMLMixinPlatformAgent for SecureJarResource(mixinextras.neoforge)
[20Jun2025 19:47:28.916] [main/DEBUG] [mixin/]: FMLMixinPlatformAgent rejected container SecureJarResource(mixinextras.neoforge)
[20Jun2025 19:47:28.916] [main/DEBUG] [mixin/]: Processing prepare() for PlatformAgent[MixinPlatformAgentDefault:SecureJarResource(mixinextras.neoforge)]
[20Jun2025 19:47:28.916] [main/DEBUG] [mixin/]: Registering mixin config: mixinextras.init.mixins.json source=SecureJarResource(mixinextras.neoforge)
[20Jun2025 19:47:28.917] [main/DEBUG] [mixin/]: inject() running with 7 agents
[20Jun2025 19:47:28.918] [main/DEBUG] [mixin/]: Processing inject() for PlatformAgent[MixinPlatformAgentDefault:ModLauncher Root Container(ModLauncher:4f56a0a2)]
[20Jun2025 19:47:28.918] [main/DEBUG] [mixin/]: Processing inject() for PlatformAgent[MixinPlatformAgentDefault:net.neoforged.fml.loading.mixin.FMLMixinContainerHandle@234a8f27]
[20Jun2025 19:47:28.918] [main/DEBUG] [mixin/]: Processing inject() for PlatformAgent[FMLMixinPlatformAgent:null]
[20Jun2025 19:47:28.918] [main/DEBUG] [mixin/]: Processing inject() for PlatformAgent[MixinPlatformAgentDefault:SecureJarResource(mixin_synthetic)]
[20Jun2025 19:47:28.918] [main/DEBUG] [mixin/]: Processing inject() for PlatformAgent[MixinPlatformAgentDefault:SecureJarResource(minecraft)]
[20Jun2025 19:47:28.918] [main/DEBUG] [mixin/]: Processing inject() for PlatformAgent[MixinPlatformAgentDefault:SecureJarResource(jei)]
[20Jun2025 19:47:28.918] [main/DEBUG] [mixin/]: Processing inject() for PlatformAgent[MixinPlatformAgentDefault:SecureJarResource(betterdiscs)]
[20Jun2025 19:47:28.918] [main/DEBUG] [mixin/]: Processing inject() for PlatformAgent[MixinPlatformAgentDefault:SecureJarResource(mixinextras.neoforge)]
[20Jun2025 19:47:28.918] [main/INFO] [cpw.mods.modlauncher.LaunchServiceHandler/MODLAUNCHER]: Launching target 'forgeclientdev' with arguments [--version, 21.1.172, --gameDir, ., --assetsDir, C:\Users\ultim\.gradle\caches\neoformruntime\assets, --assetIndex, 17]
[20Jun2025 19:47:29.002] [main/DEBUG] [mixin/]: Preparing mixins for MixinEnvironment[DEFAULT]
[20Jun2025 19:47:29.002] [main/DEBUG] [mixin/]: Selecting config neoforge.mixins.json
[20Jun2025 19:47:29.014] [main/DEBUG] [mixin/]: Selecting config betterdiscs.mixins.json
[20Jun2025 19:47:29.022] [main/WARN] [mixin/]: Reference map 'betterdiscs.mixins.refmap.json' for betterdiscs.mixins.json could not be read. If this is a development environment you can ignore this message
[20Jun2025 19:47:29.023] [main/DEBUG] [mixin/]: Selecting config mixinextras.init.mixins.json
[20Jun2025 19:47:29.090] [main/DEBUG] [MixinExtras|Service/]: com.llamalad7.mixinextras.service.MixinExtrasServiceImpl(version=0.4.1) is taking over from null
[20Jun2025 19:47:29.153] [main/DEBUG] [mixin/]: Registering new injector for @Inject with org.spongepowered.asm.mixin.injection.struct.CallbackInjectionInfo
[20Jun2025 19:47:29.155] [main/DEBUG] [mixin/]: Registering new injector for @ModifyArg with org.spongepowered.asm.mixin.injection.struct.ModifyArgInjectionInfo
[20Jun2025 19:47:29.156] [main/DEBUG] [mixin/]: Registering new injector for @ModifyArgs with org.spongepowered.asm.mixin.injection.struct.ModifyArgsInjectionInfo
[20Jun2025 19:47:29.158] [main/DEBUG] [mixin/]: Registering new injector for @Redirect with org.spongepowered.asm.mixin.injection.struct.RedirectInjectionInfo
[20Jun2025 19:47:29.159] [main/DEBUG] [mixin/]: Registering new injector for @ModifyVariable with org.spongepowered.asm.mixin.injection.struct.ModifyVariableInjectionInfo
[20Jun2025 19:47:29.160] [main/DEBUG] [mixin/]: Registering new injector for @ModifyConstant with org.spongepowered.asm.mixin.injection.struct.ModifyConstantInjectionInfo
[20Jun2025 19:47:29.179] [main/DEBUG] [mixin/]: Preparing neoforge.mixins.json (2)
[20Jun2025 19:47:29.282] [main/DEBUG] [mixin/]: Preparing betterdiscs.mixins.json (3)
[20Jun2025 19:47:29.303] [main/DEBUG] [mixin/]: Preparing mixinextras.init.mixins.json (0)
[20Jun2025 19:47:29.328] [main/DEBUG] [mixin/]: Prepared 5 mixins in 0.323 sec (64.6ms avg) (0ms load, 0ms transform, 0ms plugin)
[20Jun2025 19:47:29.670] [main/DEBUG] [io.netty.util.internal.logging.InternalLoggerFactory/]: Using SLF4J as the default logging framework
[20Jun2025 19:47:29.677] [main/DEBUG] [io.netty.util.ResourceLeakDetector/]: -Dio.netty.leakDetection.level: simple
[20Jun2025 19:47:29.677] [main/DEBUG] [io.netty.util.ResourceLeakDetector/]: -Dio.netty.leakDetection.targetRecords: 4
[20Jun2025 19:47:31.232] [main/DEBUG] [oshi.util.FileUtil/]: No oshi.properties file found from ClassLoader cpw.mods.modlauncher.TransformingClassLoader@787f32b7
[20Jun2025 19:47:31.566] [Datafixer Bootstrap/INFO] [com.mojang.datafixers.DataFixerBuilder/]: 229 Datafixer optimizations took 421 milliseconds
[20Jun2025 19:47:31.769] [main/DEBUG] [oshi.util.FileUtil/]: No oshi.architecture.properties file found from ClassLoader cpw.mods.modlauncher.TransformingClassLoader@787f32b7
[20Jun2025 19:47:31.832] [main/WARN] [oshi.driver.windows.perfmon.PerfmonDisabled/]: Invalid registry value type detected for PerfOS counters. Should be REG_DWORD. Ignoring: HKEY_LOCAL_MACHINE\SYSTEM\CurrentControlSet\Services\PerfOS\Performance\Disable Performance Counters.
[20Jun2025 19:47:31.895] [pool-8-thread-1/INFO] [MixinExtras|Service/]: Initializing MixinExtras via com.llamalad7.mixinextras.service.MixinExtrasServiceImpl(version=0.4.1).
[20Jun2025 19:47:31.896] [pool-8-thread-1/DEBUG] [mixin/]: Registering new injector for @SugarWrapper with com.llamalad7.mixinextras.sugar.impl.SugarWrapperInjectionInfo
[20Jun2025 19:47:31.896] [pool-8-thread-1/DEBUG] [mixin/]: Registering new injector for @FactoryRedirectWrapper with com.llamalad7.mixinextras.wrapper.factory.FactoryRedirectWrapperInjectionInfo
[20Jun2025 19:47:31.899] [pool-8-thread-1/DEBUG] [mixin/]: Mixing MappedRegistryAccessor from neoforge.mixins.json into net.minecraft.core.MappedRegistry
[20Jun2025 19:47:31.901] [pool-8-thread-1/DEBUG] [mixin/]: neoforge.mixins.json:MappedRegistryAccessor from mod neoforge: Class version 65 required is higher than the class version supported by the current version of Mixin (JAVA_16 supports class version 60)
[20Jun2025 19:47:32.132] [pool-8-thread-1/DEBUG] [mixin/]: Mixing LevelMixin from betterdiscs.mixins.json into net.minecraft.world.level.Level
[20Jun2025 19:47:32.201] [pool-8-thread-1/DEBUG] [mixin/]: betterdiscs.mixins.json:LevelMixin from mod betterdiscs->@Inject::onBlockChanged(Lnet/minecraft/core/BlockPos;Lnet/minecraft/world/level/block/state/BlockState;IILorg/spongepowered/asm/mixin/injection/callback/CallbackInfoReturnable;)V doesn't use it's CallbackInfoReturnable
[20Jun2025 19:47:32.201] [pool-8-thread-1/DEBUG] [mixin/]: betterdiscs.mixins.json:LevelMixin from mod betterdiscs->@Inject::onBlockChanged(Lnet/minecraft/core/BlockPos;Lnet/minecraft/world/level/block/state/BlockState;IILorg/spongepowered/asm/mixin/injection/callback/CallbackInfoReturnable;)V has 0 override(s) in child classes
[20Jun2025 19:47:32.201] [pool-8-thread-1/DEBUG] [mixin/]: betterdiscs.mixins.json:LevelMixin from mod betterdiscs->@Inject::onBlockChanged(Lnet/minecraft/core/BlockPos;Lnet/minecraft/world/level/block/state/BlockState;IILorg/spongepowered/asm/mixin/injection/callback/CallbackInfoReturnable;)V won't be passed a CallbackInfoReturnable as a result
[20Jun2025 19:47:32.490] [pool-8-thread-1/DEBUG] [mixin/]: Mixing NoteBlockMixin from betterdiscs.mixins.json into net.minecraft.world.level.block.NoteBlock
[20Jun2025 19:47:32.555] [pool-8-thread-1/DEBUG] [mixin/]: betterdiscs.mixins.json:NoteBlockMixin from mod betterdiscs->@Inject::playNote(Lnet/minecraft/world/entity/Entity;Lnet/minecraft/world/level/block/state/BlockState;Lnet/minecraft/world/level/Level;Lnet/minecraft/core/BlockPos;Lorg/spongepowered/asm/mixin/injection/callback/CallbackInfo;)V doesn't use it's CallbackInfo
[20Jun2025 19:47:32.555] [pool-8-thread-1/DEBUG] [mixin/]: betterdiscs.mixins.json:NoteBlockMixin from mod betterdiscs->@Inject::playNote(Lnet/minecraft/world/entity/Entity;Lnet/minecraft/world/level/block/state/BlockState;Lnet/minecraft/world/level/Level;Lnet/minecraft/core/BlockPos;Lorg/spongepowered/asm/mixin/injection/callback/CallbackInfo;)V has 0 override(s) in child classes
[20Jun2025 19:47:32.555] [pool-8-thread-1/DEBUG] [mixin/]: betterdiscs.mixins.json:NoteBlockMixin from mod betterdiscs->@Inject::playNote(Lnet/minecraft/world/entity/Entity;Lnet/minecraft/world/level/block/state/BlockState;Lnet/minecraft/world/level/Level;Lnet/minecraft/core/BlockPos;Lorg/spongepowered/asm/mixin/injection/callback/CallbackInfo;)V won't be passed a CallbackInfo as a result
[20Jun2025 19:47:32.555] [pool-8-thread-1/DEBUG] [mixin/]: betterdiscs.mixins.json:NoteBlockMixin from mod betterdiscs->@Inject::useItemOn(Lnet/minecraft/world/item/ItemStack;Lnet/minecraft/world/level/block/state/BlockState;Lnet/minecraft/world/level/Level;Lnet/minecraft/core/BlockPos;Lnet/minecraft/world/entity/player/Player;Lnet/minecraft/world/InteractionHand;Lnet/minecraft/world/phys/BlockHitResult;Lorg/spongepowered/asm/mixin/injection/callback/CallbackInfoReturnable;)V does use it's CallbackInfoReturnable
[20Jun2025 19:47:33.310] [pool-8-thread-1/DEBUG] [mixin/]: Mixing BlockEntityTypeAccessor from neoforge.mixins.json into net.minecraft.world.level.block.entity.BlockEntityType
[20Jun2025 19:47:33.310] [pool-8-thread-1/DEBUG] [mixin/]: neoforge.mixins.json:BlockEntityTypeAccessor from mod neoforge: Class version 65 required is higher than the class version supported by the current version of Mixin (JAVA_16 supports class version 60)
[20Jun2025 19:47:33.445] [pool-8-thread-1/DEBUG] [mixin/]: Mixing JukeboxBlockEntityMixin from betterdiscs.mixins.json into net.minecraft.world.level.block.entity.JukeboxBlockEntity
[20Jun2025 19:47:33.464] [pool-8-thread-1/DEBUG] [mixin/]: betterdiscs.mixins.json:JukeboxBlockEntityMixin from mod betterdiscs->@Inject::setRecordItem(Lnet/minecraft/world/item/ItemStack;Lorg/spongepowered/asm/mixin/injection/callback/CallbackInfo;)V doesn't use it's CallbackInfo
[20Jun2025 19:47:33.464] [pool-8-thread-1/DEBUG] [mixin/]: betterdiscs.mixins.json:JukeboxBlockEntityMixin from mod betterdiscs->@Inject::setRecordItem(Lnet/minecraft/world/item/ItemStack;Lorg/spongepowered/asm/mixin/injection/callback/CallbackInfo;)V has 0 override(s) in child classes
[20Jun2025 19:47:33.464] [pool-8-thread-1/DEBUG] [mixin/]: betterdiscs.mixins.json:JukeboxBlockEntityMixin from mod betterdiscs->@Inject::setRecordItem(Lnet/minecraft/world/item/ItemStack;Lorg/spongepowered/asm/mixin/injection/callback/CallbackInfo;)V won't be passed a CallbackInfo as a result
[20Jun2025 19:47:34.996] [pool-8-thread-1/DEBUG] [io.netty.util.internal.PlatformDependent0/]: -Dio.netty.noUnsafe: false
[20Jun2025 19:47:34.996] [pool-8-thread-1/DEBUG] [io.netty.util.internal.PlatformDependent0/]: Java version: 21
[20Jun2025 19:47:34.997] [pool-8-thread-1/DEBUG] [io.netty.util.internal.PlatformDependent0/]: sun.misc.Unsafe.theUnsafe: available
[20Jun2025 19:47:34.997] [pool-8-thread-1/DEBUG] [io.netty.util.internal.PlatformDependent0/]: sun.misc.Unsafe.copyMemory: available
[20Jun2025 19:47:34.997] [pool-8-thread-1/DEBUG] [io.netty.util.internal.PlatformDependent0/]: sun.misc.Unsafe.storeFence: available
[20Jun2025 19:47:34.997] [pool-8-thread-1/DEBUG] [io.netty.util.internal.PlatformDependent0/]: java.nio.Buffer.address: available
[20Jun2025 19:47:34.998] [pool-8-thread-1/DEBUG] [io.netty.util.internal.PlatformDependent0/]: direct buffer constructor: unavailable: Reflective setAccessible(true) disabled
[20Jun2025 19:47:34.998] [pool-8-thread-1/DEBUG] [io.netty.util.internal.PlatformDependent0/]: java.nio.Bits.unaligned: available, true
[20Jun2025 19:47:34.999] [pool-8-thread-1/DEBUG] [io.netty.util.internal.PlatformDependent0/]: jdk.internal.misc.Unsafe.allocateUninitializedArray(int): unavailable: class io.netty.util.internal.PlatformDependent0$7 (in module io.netty.common) cannot access class jdk.internal.misc.Unsafe (in module java.base) because module java.base does not export jdk.internal.misc to module io.netty.common
[20Jun2025 19:47:35.000] [pool-8-thread-1/DEBUG] [io.netty.util.internal.PlatformDependent0/]: java.nio.DirectByteBuffer.<init>(long, {int,long}): unavailable
[20Jun2025 19:47:35.000] [pool-8-thread-1/DEBUG] [io.netty.util.internal.PlatformDependent/]: sun.misc.Unsafe: available
[20Jun2025 19:47:35.001] [pool-8-thread-1/DEBUG] [io.netty.util.internal.PlatformDependent/]: maxDirectMemory: 8573157376 bytes (maybe)
[20Jun2025 19:47:35.001] [pool-8-thread-1/DEBUG] [io.netty.util.internal.PlatformDependent/]: -Dio.netty.tmpdir: C:\Users\ultim\AppData\Local\Temp (java.io.tmpdir)
[20Jun2025 19:47:35.001] [pool-8-thread-1/DEBUG] [io.netty.util.internal.PlatformDependent/]: -Dio.netty.bitMode: 64 (sun.arch.data.model)
[20Jun2025 19:47:35.001] [pool-8-thread-1/DEBUG] [io.netty.util.internal.PlatformDependent/]: Platform: Windows
[20Jun2025 19:47:35.001] [pool-8-thread-1/DEBUG] [io.netty.util.internal.PlatformDependent/]: -Dio.netty.maxDirectMemory: -1 bytes
[20Jun2025 19:47:35.002] [pool-8-thread-1/DEBUG] [io.netty.util.internal.PlatformDependent/]: -Dio.netty.uninitializedArrayAllocationThreshold: -1
[20Jun2025 19:47:35.002] [pool-8-thread-1/DEBUG] [io.netty.util.internal.CleanerJava9/]: java.nio.ByteBuffer.cleaner(): available
[20Jun2025 19:47:35.002] [pool-8-thread-1/DEBUG] [io.netty.util.internal.PlatformDependent/]: -Dio.netty.noPreferDirect: false
[20Jun2025 19:47:37.549] [main/WARN] [net.minecraft.commands.Commands/]: Ambiguity between arguments [teleport, location] and [teleport, destination] with inputs: [0.1 -0.5 .9, 0 0 0]
[20Jun2025 19:47:37.550] [main/WARN] [net.minecraft.commands.Commands/]: Ambiguity between arguments [teleport, location] and [teleport, targets] with inputs: [0.1 -0.5 .9, 0 0 0]
[20Jun2025 19:47:37.552] [main/WARN] [net.minecraft.commands.Commands/]: Ambiguity between arguments [teleport, destination] and [teleport, targets] with inputs: [Player, 0123, @e, dd12be42-52a9-4a91-a8a1-11c01849e498]
[20Jun2025 19:47:37.571] [main/WARN] [net.minecraft.commands.Commands/]: Ambiguity between arguments [teleport, targets] and [teleport, destination] with inputs: [Player, 0123, dd12be42-52a9-4a91-a8a1-11c01849e498]
[20Jun2025 19:47:37.572] [main/WARN] [net.minecraft.commands.Commands/]: Ambiguity between arguments [teleport, targets, location] and [teleport, targets, destination] with inputs: [0.1 -0.5 .9, 0 0 0]
[20Jun2025 19:47:37.701] [Render thread/WARN] [net.minecraft.server.packs.VanillaPackResourcesBuilder/]: Assets URL 'union:/C:/Users/ultim/Desktop/Minecraft%20mod%20projects/Version%201.21.1/BetterMusicDiscs%201.21.1-NEOFORGE/build/moddev/artifacts/neoforge-21.1.172-minecraft-merged.jar%23189!/assets/.mcassetsroot' uses unexpected schema
[20Jun2025 19:47:37.701] [Render thread/WARN] [net.minecraft.server.packs.VanillaPackResourcesBuilder/]: Assets URL 'union:/C:/Users/ultim/Desktop/Minecraft%20mod%20projects/Version%201.21.1/BetterMusicDiscs%201.21.1-NEOFORGE/build/moddev/artifacts/neoforge-21.1.172-minecraft-merged.jar%23189!/data/.mcassetsroot' uses unexpected schema
[20Jun2025 19:47:37.749] [Render thread/INFO] [com.mojang.authlib.yggdrasil.YggdrasilAuthenticationService/]: Environment: Environment[sessionHost=https://sessionserver.mojang.com, servicesHost=https://api.minecraftservices.com, name=PROD]
[20Jun2025 19:47:37.757] [Render thread/INFO] [net.minecraft.client.Minecraft/]: Setting user: Dev
[20Jun2025 19:47:37.880] [Render thread/INFO] [net.minecraft.client.Minecraft/]: Backend library: LWJGL version 3.3.3+5
[20Jun2025 19:47:38.075] [Render thread/DEBUG] [net.neoforged.fml.ModWorkManager/LOADING]: Using 16 threads for parallel mod-loading
[20Jun2025 19:47:38.113] [Render thread/DEBUG] [net.neoforged.fml.javafmlmod.FMLModContainer/LOADING]: Creating FMLModContainer instance for [net.neoforged.neoforge.common.NeoForgeMod, net.neoforged.neoforge.client.ClientNeoForgeMod]
[20Jun2025 19:47:38.125] [Render thread/DEBUG] [net.neoforged.fml.javafmlmod.FMLModContainer/LOADING]: Creating FMLModContainer instance for [mezz.jei.neoforge.JustEnoughItems]
[20Jun2025 19:47:38.125] [Render thread/DEBUG] [net.neoforged.fml.javafmlmod.FMLModContainer/LOADING]: Creating FMLModContainer instance for [net.ultimporks.betterdiscs.BetterMusicDiscs]
[20Jun2025 19:47:38.189] [modloading-worker-0/DEBUG] [net.neoforged.fml.config.ConfigTracker/CONFIG]: Config file jei-server.toml for jei tracking
[20Jun2025 19:47:38.195] [modloading-worker-0/DEBUG] [net.neoforged.neoforge.internal.versions.neoforge.NeoForgeVersion/CORE]: Found NeoForge version 21.1.172
[20Jun2025 19:47:38.196] [modloading-worker-0/DEBUG] [net.neoforged.neoforge.internal.versions.neoforge.NeoForgeVersion/CORE]: Found FML version 4.0.39
[20Jun2025 19:47:38.196] [modloading-worker-0/INFO] [net.neoforged.neoforge.common.NeoForgeMod/NEOFORGE-MOD]: NeoForge mod loading, version 21.1.172, for MC 1.21.1
[20Jun2025 19:47:38.229] [modloading-worker-0/DEBUG] [net.neoforged.fml.config.ConfigTracker/CONFIG]: Config file neoforge-client.toml for neoforge tracking
[20Jun2025 19:47:38.229] [modloading-worker-0/DEBUG] [net.neoforged.fml.config.ConfigTracker/CONFIG]: Config file neoforge-server.toml for neoforge tracking
[20Jun2025 19:47:38.229] [modloading-worker-0/DEBUG] [net.neoforged.fml.config.ConfigTracker/CONFIG]: Config file neoforge-common.toml for neoforge tracking
[20Jun2025 19:47:38.230] [modloading-worker-0/DEBUG] [net.neoforged.fml.javafmlmod.AutomaticEventSubscriber/LOADING]: Attempting to inject @EventBusSubscriber classes into the eventbus for betterdiscs
[20Jun2025 19:47:38.235] [modloading-worker-0/DEBUG] [net.neoforged.fml.javafmlmod.AutomaticEventSubscriber/LOADING]: Auto-subscribing net.ultimporks.betterdiscs.BetterMusicDiscs$ClientModEvents to MOD
[20Jun2025 19:47:38.242] [modloading-worker-0/DEBUG] [net.neoforged.fml.javafmlmod.AutomaticEventSubscriber/LOADING]: Auto-subscribing net.ultimporks.betterdiscs.datagen.DataGenerators to MOD
[20Jun2025 19:47:38.242] [modloading-worker-0/DEBUG] [mezz.jei.common.platform.Services/]: Loaded mezz.jei.neoforge.platform.PlatformHelper@225b344b for service interface mezz.jei.common.platform.IPlatformHelper
[20Jun2025 19:47:38.249] [modloading-worker-0/DEBUG] [net.neoforged.fml.javafmlmod.AutomaticEventSubscriber/LOADING]: Auto-subscribing net.ultimporks.betterdiscs.events.ModEventBusEvents to GAME
[20Jun2025 19:47:38.336] [modloading-worker-0/DEBUG] [mezz.jei.common.config.file.ConfigSerializer/]: Loading config file: C:\Users\ultim\Desktop\Minecraft mod projects\Version 1.21.1\BetterMusicDiscs 1.21.1-NEOFORGE\run\config\jei\jei-debug.ini
[20Jun2025 19:47:38.338] [modloading-worker-0/DEBUG] [mezz.jei.common.config.file.ConfigSchema/]: Localization has not loaded yet, waiting to save the config file until JEI starts.
[20Jun2025 19:47:38.346] [modloading-worker-0/DEBUG] [mezz.jei.common.config.file.ConfigSerializer/]: Loading config file: C:\Users\ultim\Desktop\Minecraft mod projects\Version 1.21.1\BetterMusicDiscs 1.21.1-NEOFORGE\run\config\jei\jei-mod-id-format.ini
[20Jun2025 19:47:38.347] [modloading-worker-0/DEBUG] [mezz.jei.common.config.file.ConfigSchema/]: Localization has not loaded yet, waiting to save the config file until JEI starts.
[20Jun2025 19:47:38.351] [modloading-worker-0/DEBUG] [mezz.jei.common.config.file.ConfigSerializer/]: Loading config file: C:\Users\ultim\Desktop\Minecraft mod projects\Version 1.21.1\BetterMusicDiscs 1.21.1-NEOFORGE\run\config\jei\jei-colors.ini
[20Jun2025 19:47:38.353] [modloading-worker-0/DEBUG] [mezz.jei.common.config.file.ConfigSchema/]: Localization has not loaded yet, waiting to save the config file until JEI starts.
[20Jun2025 19:47:38.361] [modloading-worker-0/DEBUG] [net.neoforged.fml.javafmlmod.AutomaticEventSubscriber/LOADING]: Attempting to inject @EventBusSubscriber classes into the eventbus for neoforge
[20Jun2025 19:47:38.362] [modloading-worker-0/DEBUG] [net.neoforged.fml.javafmlmod.AutomaticEventSubscriber/LOADING]: Auto-subscribing net.neoforged.neoforge.server.command.ConfigCommand to GAME
[20Jun2025 19:47:38.363] [modloading-worker-0/DEBUG] [net.neoforged.fml.javafmlmod.AutomaticEventSubscriber/LOADING]: Auto-subscribing net.neoforged.neoforge.network.filters.GenericPacketSplitter to MOD
[20Jun2025 19:47:38.365] [modloading-worker-0/DEBUG] [mezz.jei.common.config.file.ConfigSerializer/]: Loading config file: C:\Users\ultim\Desktop\Minecraft mod projects\Version 1.21.1\BetterMusicDiscs 1.21.1-NEOFORGE\run\config\jei\jei-client.ini
[20Jun2025 19:47:38.367] [modloading-worker-0/DEBUG] [mezz.jei.common.config.file.ConfigSchema/]: Localization has not loaded yet, waiting to save the config file until JEI starts.
[20Jun2025 19:47:38.376] [modloading-worker-0/INFO] [mezz.jei.library.load.PluginCaller/]: Sending ConfigManager...
[20Jun2025 19:47:38.380] [modloading-worker-0/DEBUG] [mezz.jei.library.load.PluginCallerTimerRunnable/]: Sending ConfigManager: jei:minecraft...
[20Jun2025 19:47:38.380] [modloading-worker-0/DEBUG] [mezz.jei.library.load.PluginCallerTimerRunnable/]: Sending ConfigManager: jei:neoforge_gui...
[20Jun2025 19:47:38.380] [modloading-worker-0/DEBUG] [mezz.jei.library.load.PluginCallerTimerRunnable/]: Sending ConfigManager: jei:debug...
[20Jun2025 19:47:38.380] [modloading-worker-0/DEBUG] [mezz.jei.library.load.PluginCallerTimerRunnable/]: Sending ConfigManager: jei:gui...
[20Jun2025 19:47:38.380] [modloading-worker-0/DEBUG] [mezz.jei.library.load.PluginCallerTimerRunnable/]: Sending ConfigManager: betterdiscs:jei_plugin...
[20Jun2025 19:47:38.380] [modloading-worker-0/DEBUG] [mezz.jei.library.load.PluginCallerTimerRunnable/]: Sending ConfigManager: jei:internal...
[20Jun2025 19:47:38.382] [modloading-worker-0/INFO] [mezz.jei.library.load.PluginCaller/]: Sending ConfigManager took 3.553 ms
[20Jun2025 19:47:38.391] [modloading-worker-0/DEBUG] [net.neoforged.fml.javafmlmod.AutomaticEventSubscriber/LOADING]: Attempting to inject @EventBusSubscriber classes into the eventbus for jei
[20Jun2025 19:47:38.399] [modloading-worker-0/DEBUG] [io.netty.buffer.AbstractByteBuf/]: -Dio.netty.buffer.checkAccessible: true
[20Jun2025 19:47:38.400] [modloading-worker-0/DEBUG] [io.netty.buffer.AbstractByteBuf/]: -Dio.netty.buffer.checkBounds: true
[20Jun2025 19:47:38.401] [modloading-worker-0/DEBUG] [io.netty.util.ResourceLeakDetectorFactory/]: Loaded default ResourceLeakDetector: io.netty.util.ResourceLeakDetector@3a58fa82
[20Jun2025 19:47:38.409] [modloading-worker-0/DEBUG] [io.netty.util.internal.InternalThreadLocalMap/]: -Dio.netty.threadLocalMap.stringBuilder.initialSize: 1024
[20Jun2025 19:47:38.409] [modloading-worker-0/DEBUG] [io.netty.util.internal.InternalThreadLocalMap/]: -Dio.netty.threadLocalMap.stringBuilder.maxSize: 4096
[20Jun2025 19:47:38.413] [modloading-worker-0/DEBUG] [io.netty.buffer.PooledByteBufAllocator/]: -Dio.netty.allocator.numHeapArenas: 32
[20Jun2025 19:47:38.413] [modloading-worker-0/DEBUG] [io.netty.buffer.PooledByteBufAllocator/]: -Dio.netty.allocator.numDirectArenas: 32
[20Jun2025 19:47:38.413] [modloading-worker-0/DEBUG] [io.netty.buffer.PooledByteBufAllocator/]: -Dio.netty.allocator.pageSize: 8192
[20Jun2025 19:47:38.413] [modloading-worker-0/DEBUG] [io.netty.buffer.PooledByteBufAllocator/]: -Dio.netty.allocator.maxOrder: 9
[20Jun2025 19:47:38.413] [modloading-worker-0/DEBUG] [io.netty.buffer.PooledByteBufAllocator/]: -Dio.netty.allocator.chunkSize: 4194304
[20Jun2025 19:47:38.413] [modloading-worker-0/DEBUG] [io.netty.buffer.PooledByteBufAllocator/]: -Dio.netty.allocator.smallCacheSize: 256
[20Jun2025 19:47:38.413] [modloading-worker-0/DEBUG] [io.netty.buffer.PooledByteBufAllocator/]: -Dio.netty.allocator.normalCacheSize: 64
[20Jun2025 19:47:38.413] [modloading-worker-0/DEBUG] [io.netty.buffer.PooledByteBufAllocator/]: -Dio.netty.allocator.maxCachedBufferCapacity: 32768
[20Jun2025 19:47:38.413] [modloading-worker-0/DEBUG] [io.netty.buffer.PooledByteBufAllocator/]: -Dio.netty.allocator.cacheTrimInterval: 8192
[20Jun2025 19:47:38.413] [modloading-worker-0/DEBUG] [io.netty.buffer.PooledByteBufAllocator/]: -Dio.netty.allocator.cacheTrimIntervalMillis: 0
[20Jun2025 19:47:38.413] [modloading-worker-0/DEBUG] [io.netty.buffer.PooledByteBufAllocator/]: -Dio.netty.allocator.useCacheForAllThreads: false
[20Jun2025 19:47:38.413] [modloading-worker-0/DEBUG] [io.netty.buffer.PooledByteBufAllocator/]: -Dio.netty.allocator.maxCachedByteBuffersPerChunk: 1023
[20Jun2025 19:47:38.440] [modloading-worker-0/DEBUG] [io.netty.buffer.ByteBufUtil/]: -Dio.netty.allocator.type: pooled
[20Jun2025 19:47:38.440] [modloading-worker-0/DEBUG] [io.netty.buffer.ByteBufUtil/]: -Dio.netty.threadLocalDirectBufferSize: 0
[20Jun2025 19:47:38.440] [modloading-worker-0/DEBUG] [io.netty.buffer.ByteBufUtil/]: -Dio.netty.maxThreadLocalCharBufferSize: 16384
[20Jun2025 19:47:38.459] [modloading-worker-0/DEBUG] [net.neoforged.fml.javafmlmod.AutomaticEventSubscriber/LOADING]: Auto-subscribing net.neoforged.neoforge.network.NetworkInitialization to MOD
[20Jun2025 19:47:38.460] [modloading-worker-0/DEBUG] [net.neoforged.fml.javafmlmod.AutomaticEventSubscriber/LOADING]: Auto-subscribing net.neoforged.neoforge.network.ConfigurationInitialization to MOD
[20Jun2025 19:47:38.463] [modloading-worker-0/DEBUG] [net.neoforged.fml.javafmlmod.AutomaticEventSubscriber/LOADING]: Auto-subscribing net.neoforged.neoforge.common.MonsterRoomHooks to GAME
[20Jun2025 19:47:38.465] [modloading-worker-0/DEBUG] [net.neoforged.fml.javafmlmod.AutomaticEventSubscriber/LOADING]: Auto-subscribing net.neoforged.neoforge.common.DeferredSpawnEggItem$CommonHandler to MOD
[20Jun2025 19:47:38.466] [modloading-worker-0/DEBUG] [net.neoforged.fml.javafmlmod.AutomaticEventSubscriber/LOADING]: Auto-subscribing net.neoforged.neoforge.common.DeferredSpawnEggItem$ColorRegisterHandler to MOD
[20Jun2025 19:47:38.467] [modloading-worker-0/DEBUG] [net.neoforged.fml.javafmlmod.AutomaticEventSubscriber/LOADING]: Auto-subscribing net.neoforged.neoforge.client.model.data.ModelDataManager to GAME
[20Jun2025 19:47:38.469] [modloading-worker-0/DEBUG] [net.neoforged.fml.javafmlmod.AutomaticEventSubscriber/LOADING]: Auto-subscribing net.neoforged.neoforge.client.ParticleBoundsDebugRenderer to GAME
[20Jun2025 19:47:38.472] [modloading-worker-0/DEBUG] [net.neoforged.fml.javafmlmod.AutomaticEventSubscriber/LOADING]: Auto-subscribing net.neoforged.neoforge.client.ClientHooks$ClientEvents to MOD
[20Jun2025 19:47:38.475] [modloading-worker-0/DEBUG] [net.neoforged.fml.javafmlmod.AutomaticEventSubscriber/LOADING]: Auto-subscribing net.neoforged.neoforge.client.BlockEntityRenderBoundsDebugRenderer to GAME
[20Jun2025 19:47:38.476] [modloading-worker-0/DEBUG] [net.neoforged.fml.javafmlmod.AutomaticEventSubscriber/LOADING]: Auto-subscribing net.neoforged.neoforge.attachment.AttachmentInternals to GAME
[20Jun2025 19:47:38.655] [modloading-sync-worker/DEBUG] [net.neoforged.fml.config.ConfigTracker/CONFIG]: Loading configs type CLIENT
[20Jun2025 19:47:38.676] [modloading-sync-worker/DEBUG] [net.neoforged.neoforge.common.NeoForgeConfig/FORGEMOD]: Loaded NeoForge config file neoforge-client.toml
[20Jun2025 19:47:38.676] [modloading-sync-worker/DEBUG] [net.neoforged.fml.config.ConfigTracker/CONFIG]: Loaded TOML config file C:\Users\ultim\Desktop\Minecraft mod projects\Version 1.21.1\BetterMusicDiscs 1.21.1-NEOFORGE\run\config\neoforge-client.toml
[20Jun2025 19:47:38.683] [modloading-sync-worker/DEBUG] [net.neoforged.fml.config.ConfigTracker/CONFIG]: Watching TOML config file C:\Users\ultim\Desktop\Minecraft mod projects\Version 1.21.1\BetterMusicDiscs 1.21.1-NEOFORGE\run\config\neoforge-client.toml for changes
[20Jun2025 19:47:38.683] [modloading-sync-worker/DEBUG] [net.neoforged.fml.config.ConfigTracker/CONFIG]: Loading configs type COMMON
[20Jun2025 19:47:38.684] [modloading-sync-worker/DEBUG] [net.neoforged.neoforge.common.NeoForgeConfig/FORGEMOD]: Loaded NeoForge config file neoforge-common.toml
[20Jun2025 19:47:38.684] [modloading-sync-worker/DEBUG] [net.neoforged.fml.config.ConfigTracker/CONFIG]: Loaded TOML config file C:\Users\ultim\Desktop\Minecraft mod projects\Version 1.21.1\BetterMusicDiscs 1.21.1-NEOFORGE\run\config\neoforge-common.toml
[20Jun2025 19:47:38.685] [modloading-sync-worker/DEBUG] [net.neoforged.fml.config.ConfigTracker/CONFIG]: Watching TOML config file C:\Users\ultim\Desktop\Minecraft mod projects\Version 1.21.1\BetterMusicDiscs 1.21.1-NEOFORGE\run\config\neoforge-common.toml for changes
[20Jun2025 19:47:39.074] [Render thread/INFO] [net.neoforged.neoforge.gametest.GameTestHooks/]: Enabled Gametest Namespaces: [betterdiscs]
[20Jun2025 19:47:39.251] [Render thread/INFO] [net.minecraft.server.packs.resources.ReloadableResourceManager/]: Reloading ResourceManager: vanilla, mod_resources, mod/neoforge, mod/jei, mod/betterdiscs
[20Jun2025 19:47:39.424] [Worker-Main-10/WARN] [net.minecraft.client.sounds.SoundManager/]: File betterdiscs:sounds/womp_portal.ogg does not exist, cannot add it to event betterdiscs:womp_portal
[20Jun2025 19:47:39.425] [Worker-Main-10/WARN] [net.minecraft.client.sounds.SoundManager/]: File betterdiscs:sounds/have_ghosts.ogg does not exist, cannot add it to event betterdiscs:have_ghosts
[20Jun2025 19:47:39.425] [Worker-Main-10/WARN] [net.minecraft.client.sounds.SoundManager/]: File betterdiscs:sounds/bad.ogg does not exist, cannot add it to event betterdiscs:bad
[20Jun2025 19:47:39.470] [Render thread/DEBUG] [net.neoforged.fml.DeferredWorkQueue/LOADING]: Dispatching synchronous work for work queue Common setup: 1 jobs
[20Jun2025 19:47:39.478] [Render thread/DEBUG] [net.neoforged.fml.DeferredWorkQueue/LOADING]: Synchronous work queue completed in 7.032 ms
[20Jun2025 19:47:39.492] [Worker-Main-8/INFO] [net.minecraft.client.gui.font.providers.UnihexProvider/]: Found unifont_all_no_pua-15.1.05.hex, loading
[20Jun2025 19:47:39.581] [Worker-Main-6/INFO] [net.minecraft.client.gui.font.providers.UnihexProvider/]: Found unifont_jp_patch-15.1.05.hex, loading
[20Jun2025 19:47:41.072] [Render thread/WARN] [net.minecraft.client.sounds.SoundEngine/]: Missing sound for event: minecraft:item.goat_horn.play
[20Jun2025 19:47:41.072] [Render thread/WARN] [net.minecraft.client.sounds.SoundEngine/]: Missing sound for event: minecraft:entity.goat.screaming.horn_break
[20Jun2025 19:47:41.168] [Render thread/INFO] [com.mojang.blaze3d.audio.Library/]: OpenAL initialized on device OpenAL Soft on Desktop Speakers (Realtek High Definition Audio)
[20Jun2025 19:47:41.169] [Render thread/INFO] [net.minecraft.client.sounds.SoundEngine/SOUNDS]: Sound engine started
[20Jun2025 19:47:41.273] [Render thread/INFO] [net.minecraft.client.renderer.texture.TextureAtlas/]: Created: 1024x1024x4 minecraft:textures/atlas/blocks.png-atlas
[20Jun2025 19:47:41.285] [Render thread/INFO] [net.minecraft.client.renderer.texture.TextureAtlas/]: Created: 256x256x4 minecraft:textures/atlas/signs.png-atlas
[20Jun2025 19:47:41.286] [Render thread/INFO] [net.minecraft.client.renderer.texture.TextureAtlas/]: Created: 512x512x4 minecraft:textures/atlas/shield_patterns.png-atlas
[20Jun2025 19:47:41.286] [Render thread/INFO] [net.minecraft.client.renderer.texture.TextureAtlas/]: Created: 512x512x4 minecraft:textures/atlas/banner_patterns.png-atlas
[20Jun2025 19:47:41.287] [Render thread/INFO] [net.minecraft.client.renderer.texture.TextureAtlas/]: Created: 1024x1024x4 minecraft:textures/atlas/armor_trims.png-atlas
[20Jun2025 19:47:41.294] [Render thread/INFO] [net.minecraft.client.renderer.texture.TextureAtlas/]: Created: 128x64x4 minecraft:textures/atlas/decorated_pot.png-atlas
[20Jun2025 19:47:41.294] [Render thread/INFO] [net.minecraft.client.renderer.texture.TextureAtlas/]: Created: 256x256x4 minecraft:textures/atlas/chest.png-atlas
[20Jun2025 19:47:41.294] [Render thread/INFO] [net.minecraft.client.renderer.texture.TextureAtlas/]: Created: 512x256x4 minecraft:textures/atlas/beds.png-atlas
[20Jun2025 19:47:41.295] [Render thread/INFO] [net.minecraft.client.renderer.texture.TextureAtlas/]: Created: 512x256x4 minecraft:textures/atlas/shulker_boxes.png-atlas
[20Jun2025 19:47:41.462] [Render thread/INFO] [net.minecraft.client.renderer.texture.TextureAtlas/]: Created: 512x256x0 minecraft:textures/atlas/particles.png-atlas
[20Jun2025 19:47:41.464] [Render thread/INFO] [net.minecraft.client.renderer.texture.TextureAtlas/]: Created: 512x256x0 minecraft:textures/atlas/paintings.png-atlas
[20Jun2025 19:47:41.464] [Render thread/INFO] [net.minecraft.client.renderer.texture.TextureAtlas/]: Created: 256x128x0 minecraft:textures/atlas/mob_effects.png-atlas
[20Jun2025 19:47:41.464] [Render thread/INFO] [net.minecraft.client.renderer.texture.TextureAtlas/]: Created: 64x64x0 minecraft:textures/atlas/map_decorations.png-atlas
[20Jun2025 19:47:41.464] [Render thread/INFO] [net.minecraft.client.renderer.texture.TextureAtlas/]: Created: 1024x512x0 minecraft:textures/atlas/gui.png-atlas
[20Jun2025 19:47:41.497] [Render thread/WARN] [net.minecraft.client.renderer.ShaderInstance/]: Shader rendertype_entity_translucent_emissive could not find sampler named Sampler2 in the specified shader program.
[20Jun2025 19:47:41.596] [Render thread/INFO] [net.neoforged.neoforge.client.entity.animation.json.AnimationLoader/]: Loaded 0 entity animations
[20Jun2025 19:47:41.596] [Render thread/INFO] [net.minecraft.client.renderer.texture.TextureAtlas/]: Created: 256x256x0 jei:textures/atlas/gui.png-atlas
[20Jun2025 19:48:04.078] [Render thread/INFO] [net.minecraft.world.item.crafting.RecipeManager/]: Loaded 1318 recipes
[20Jun2025 19:48:04.309] [Render thread/INFO] [net.minecraft.advancements.AdvancementTree/]: Loaded 1407 advancements
[20Jun2025 19:48:04.742] [Render thread/INFO] [mezz.jei.neoforge.startup.StartEventObserver/]: JEI StartEventObserver received class net.neoforged.neoforge.event.TagsUpdatedEvent too early, ignoring
[20Jun2025 19:48:04.770] [Render thread/DEBUG] [net.neoforged.neoforge.common.CommonHooks/WP]: Gathered mod list to write to world save New World
[20Jun2025 19:48:04.810] [Server thread/INFO] [net.minecraft.client.server.IntegratedServer/]: Starting integrated minecraft server version 1.21.1
[20Jun2025 19:48:04.810] [Server thread/INFO] [net.minecraft.server.MinecraftServer/]: Generating keypair
[20Jun2025 19:48:04.873] [Server thread/DEBUG] [net.neoforged.fml.config.ConfigTracker/CONFIG]: Loading configs type SERVER
[20Jun2025 19:48:04.874] [Server thread/DEBUG] [net.neoforged.fml.config.ConfigTracker/CONFIG]: Loaded TOML config file C:\Users\ultim\Desktop\Minecraft mod projects\Version 1.21.1\BetterMusicDiscs 1.21.1-NEOFORGE\run\config\jei-server.toml
[20Jun2025 19:48:04.875] [Server thread/DEBUG] [net.neoforged.fml.config.ConfigTracker/CONFIG]: Watching TOML config file C:\Users\ultim\Desktop\Minecraft mod projects\Version 1.21.1\BetterMusicDiscs 1.21.1-NEOFORGE\run\config\jei-server.toml for changes
[20Jun2025 19:48:04.875] [Server thread/DEBUG] [net.neoforged.neoforge.common.NeoForgeConfig/FORGEMOD]: Loaded NeoForge config file neoforge-server.toml
[20Jun2025 19:48:04.876] [Server thread/DEBUG] [net.neoforged.fml.config.ConfigTracker/CONFIG]: Loaded TOML config file C:\Users\ultim\Desktop\Minecraft mod projects\Version 1.21.1\BetterMusicDiscs 1.21.1-NEOFORGE\run\config\neoforge-server.toml
[20Jun2025 19:48:04.876] [Server thread/DEBUG] [net.neoforged.fml.config.ConfigTracker/CONFIG]: Watching TOML config file C:\Users\ultim\Desktop\Minecraft mod projects\Version 1.21.1\BetterMusicDiscs 1.21.1-NEOFORGE\run\config\neoforge-server.toml for changes
[20Jun2025 19:48:05.722] [Server thread/INFO] [net.minecraft.server.MinecraftServer/]: Preparing start region for dimension minecraft:overworld
[20Jun2025 19:48:06.081] [progressListener/INFO] [net.minecraft.server.level.progress.LoggerChunkProgressListener/]: Preparing spawn area: 0%
[20Jun2025 19:48:06.250] [Server thread/INFO] [net.neoforged.neoforge.server.permission.PermissionAPI/]: Successfully initialized permission handler neoforge:default_handler
[20Jun2025 19:48:06.253] [progressListener/INFO] [net.minecraft.server.level.progress.LoggerChunkProgressListener/]: Time elapsed: 527 ms
[20Jun2025 19:48:06.329] [Server thread/INFO] [net.minecraft.client.server.IntegratedServer/]: Changing view distance to 12, from 10
[20Jun2025 19:48:06.329] [Server thread/INFO] [net.minecraft.client.server.IntegratedServer/]: Changing simulation distance to 12, from 0
[20Jun2025 19:48:06.388] [Render thread/DEBUG] [io.netty.channel.MultithreadEventLoopGroup/]: -Dio.netty.eventLoopThreads: 32
[20Jun2025 19:48:06.401] [Render thread/DEBUG] [io.netty.util.concurrent.GlobalEventExecutor/]: -Dio.netty.globalEventExecutor.quietPeriodSeconds: 1
[20Jun2025 19:48:06.436] [Render thread/DEBUG] [io.netty.channel.nio.NioEventLoop/]: -Dio.netty.noKeySetOptimization: false
[20Jun2025 19:48:06.437] [Render thread/DEBUG] [io.netty.channel.nio.NioEventLoop/]: -Dio.netty.selectorAutoRebuildThreshold: 512
[20Jun2025 19:48:06.453] [Render thread/DEBUG] [io.netty.util.internal.PlatformDependent/]: org.jctools-core.MpscChunkedArrayQueue: available
[20Jun2025 19:48:06.537] [Render thread/DEBUG] [io.netty.channel.DefaultChannelId/]: -Dio.netty.processId: 33788 (auto-detected)
[20Jun2025 19:48:06.543] [Render thread/DEBUG] [io.netty.util.NetUtil/]: -Djava.net.preferIPv4Stack: false
[20Jun2025 19:48:06.543] [Render thread/DEBUG] [io.netty.util.NetUtil/]: -Djava.net.preferIPv6Addresses: system
[20Jun2025 19:48:06.550] [Render thread/DEBUG] [io.netty.util.NetUtilInitializations/]: Loopback interface: loopback_0 (Software Loopback Interface 1, 0:0:0:0:0:0:0:1)
[20Jun2025 19:48:06.552] [Render thread/DEBUG] [io.netty.util.NetUtil/]: Failed to get SOMAXCONN from sysctl and file \proc\sys\net\core\somaxconn. Default: 200
[20Jun2025 19:48:06.554] [Render thread/DEBUG] [io.netty.channel.DefaultChannelId/]: -Dio.netty.machineId: 70:85:c2:ff:fe:fb:ef:98 (auto-detected)
[20Jun2025 19:48:06.663] [Render thread/DEBUG] [io.netty.util.Recycler/]: -Dio.netty.recycler.maxCapacityPerThread: 4096
[20Jun2025 19:48:06.663] [Render thread/DEBUG] [io.netty.util.Recycler/]: -Dio.netty.recycler.ratio: 8
[20Jun2025 19:48:06.663] [Render thread/DEBUG] [io.netty.util.Recycler/]: -Dio.netty.recycler.chunkSize: 32
[20Jun2025 19:48:06.663] [Render thread/DEBUG] [io.netty.util.Recycler/]: -Dio.netty.recycler.blocking: false
[20Jun2025 19:48:06.663] [Render thread/DEBUG] [io.netty.util.Recycler/]: -Dio.netty.recycler.batchFastThreadLocalOnly: true
[20Jun2025 19:48:06.844] [Netty Server IO #1/DEBUG] [net.neoforged.neoforge.network.filters.NetworkFilters/]: Injected net.neoforged.neoforge.network.filters.GenericPacketSplitter@3c72f7a7 into net.minecraft.network.Connection@583d2dc
[20Jun2025 19:48:06.854] [Netty Local Client IO #0/DEBUG] [net.neoforged.neoforge.network.filters.NetworkFilters/]: Injected net.neoforged.neoforge.network.filters.GenericPacketSplitter@cdfd77f into net.minecraft.network.Connection@7b563892
[20Jun2025 19:48:07.028] [Render thread/INFO] [mezz.jei.neoforge.startup.StartEventObserver/]: JEI StartEventObserver received class net.neoforged.neoforge.event.TagsUpdatedEvent
[20Jun2025 19:48:07.117] [Netty Server IO #1/DEBUG] [net.neoforged.neoforge.network.filters.NetworkFilters/]: Injected net.neoforged.neoforge.network.filters.GenericPacketSplitter@3db3000b into net.minecraft.network.Connection@583d2dc
[20Jun2025 19:48:07.172] [Server thread/INFO] [net.minecraft.server.players.PlayerList/]: Dev[local:E:ada6e2a4] logged in with entity id 33 at (36.4243221346138, 66.0, 383.3572437274474)
[20Jun2025 19:48:07.267] [Server thread/INFO] [net.minecraft.server.MinecraftServer/]: Dev joined the game
[20Jun2025 19:48:07.490] [Render thread/WARN] [net.minecraft.client.ClientRecipeBook/]: Unknown recipe category: betterdiscs:record_lathe_station/betterdiscs:blank_record_to_mellohi
[20Jun2025 19:48:07.490] [Render thread/WARN] [net.minecraft.client.ClientRecipeBook/]: Unknown recipe category: betterdiscs:record_lathe_station/betterdiscs:blank_record_to_ward
[20Jun2025 19:48:07.490] [Render thread/WARN] [net.minecraft.client.ClientRecipeBook/]: Unknown recipe category: betterdiscs:record_lathe_station/betterdiscs:blank_record_to_cat
[20Jun2025 19:48:07.490] [Render thread/WARN] [net.minecraft.client.ClientRecipeBook/]: Unknown recipe category: betterdiscs:record_lathe_station/betterdiscs:blank_record_to_chirp
[20Jun2025 19:48:07.490] [Render thread/WARN] [net.minecraft.client.ClientRecipeBook/]: Unknown recipe category: betterdiscs:record_lathe_station/betterdiscs:blank_record_to_creator_music_box
[20Jun2025 19:48:07.490] [Render thread/WARN] [net.minecraft.client.ClientRecipeBook/]: Unknown recipe category: betterdiscs:record_lathe_station/betterdiscs:blank_record_to_far
[20Jun2025 19:48:07.490] [Render thread/WARN] [net.minecraft.client.ClientRecipeBook/]: Unknown recipe category: betterdiscs:record_lathe_station/betterdiscs:blank_record_to_strad
[20Jun2025 19:48:07.490] [Render thread/WARN] [net.minecraft.client.ClientRecipeBook/]: Unknown recipe category: betterdiscs:record_lathe_station/betterdiscs:blank_record_to_wait
[20Jun2025 19:48:07.491] [Render thread/WARN] [net.minecraft.client.ClientRecipeBook/]: Unknown recipe category: betterdiscs:record_lathe_station/betterdiscs:blank_record_to_relic
[20Jun2025 19:48:07.491] [Render thread/WARN] [net.minecraft.client.ClientRecipeBook/]: Unknown recipe category: betterdiscs:record_lathe_station/betterdiscs:blank_record_to_precipice
[20Jun2025 19:48:07.491] [Render thread/WARN] [net.minecraft.client.ClientRecipeBook/]: Unknown recipe category: betterdiscs:record_lathe_station/betterdiscs:blank_record_to_stal
[20Jun2025 19:48:07.491] [Render thread/WARN] [net.minecraft.client.ClientRecipeBook/]: Unknown recipe category: betterdiscs:record_lathe_station/betterdiscs:blank_record_to_otherside
[20Jun2025 19:48:07.491] [Render thread/WARN] [net.minecraft.client.ClientRecipeBook/]: Unknown recipe category: betterdiscs:record_lathe_station/betterdiscs:blank_record_to_pigstep
[20Jun2025 19:48:07.491] [Render thread/WARN] [net.minecraft.client.ClientRecipeBook/]: Unknown recipe category: betterdiscs:record_lathe_station/betterdiscs:blank_record_to_5
[20Jun2025 19:48:07.491] [Render thread/WARN] [net.minecraft.client.ClientRecipeBook/]: Unknown recipe category: betterdiscs:record_lathe_station/betterdiscs:blank_record_to_13
[20Jun2025 19:48:07.491] [Render thread/WARN] [net.minecraft.client.ClientRecipeBook/]: Unknown recipe category: betterdiscs:record_lathe_station/betterdiscs:blank_record_to_11
[20Jun2025 19:48:07.491] [Render thread/WARN] [net.minecraft.client.ClientRecipeBook/]: Unknown recipe category: betterdiscs:record_lathe_station/betterdiscs:blank_record_to_blocks
[20Jun2025 19:48:07.491] [Render thread/WARN] [net.minecraft.client.ClientRecipeBook/]: Unknown recipe category: betterdiscs:record_lathe_station/betterdiscs:blank_record_to_creator
[20Jun2025 19:48:07.491] [Render thread/WARN] [net.minecraft.client.ClientRecipeBook/]: Unknown recipe category: betterdiscs:record_lathe_station/betterdiscs:blank_record_to_mall
[20Jun2025 19:48:07.491] [Render thread/WARN] [net.minecraft.client.ClientRecipeBook/]: Unknown recipe category: betterdiscs:record_press_station/betterdiscs:resin_ball_recipe
[20Jun2025 19:48:07.514] [Render thread/INFO] [mezz.jei.neoforge.startup.StartEventObserver/]: JEI StartEventObserver received class net.neoforged.neoforge.client.event.RecipesUpdatedEvent
[20Jun2025 19:48:07.514] [Render thread/INFO] [mezz.jei.neoforge.startup.StartEventObserver/]: JEI StartEventObserver transitioning state from LISTENING to JEI_STARTED
[20Jun2025 19:48:07.518] [Render thread/INFO] [mezz.jei.core.util.LoggedTimer/]: Starting JEI...
[20Jun2025 19:48:07.542] [Render thread/INFO] [mezz.jei.library.load.PluginCaller/]: Registering item subtypes...
[20Jun2025 19:48:07.542] [Render thread/DEBUG] [mezz.jei.library.load.PluginCallerTimerRunnable/]: Registering item subtypes: jei:minecraft...
[20Jun2025 19:48:07.567] [Render thread/INFO] [mezz.jei.library.load.PluginCallerTimerRunnable/]: Registering item subtypes: jei:minecraft took 22.99 milliseconds
[20Jun2025 19:48:07.567] [Render thread/DEBUG] [mezz.jei.library.load.PluginCallerTimerRunnable/]: Registering item subtypes: jei:neoforge_gui...
[20Jun2025 19:48:07.567] [Render thread/DEBUG] [mezz.jei.library.load.PluginCallerTimerRunnable/]: Registering item subtypes: jei:debug...
[20Jun2025 19:48:07.567] [Render thread/DEBUG] [mezz.jei.library.load.PluginCallerTimerRunnable/]: Registering item subtypes: jei:gui...
[20Jun2025 19:48:07.567] [Render thread/DEBUG] [mezz.jei.library.load.PluginCallerTimerRunnable/]: Registering item subtypes: betterdiscs:jei_plugin...
[20Jun2025 19:48:07.567] [Render thread/DEBUG] [mezz.jei.library.load.PluginCallerTimerRunnable/]: Registering item subtypes: jei:internal...
[20Jun2025 19:48:07.568] [Render thread/INFO] [mezz.jei.library.load.PluginCaller/]: Registering item subtypes took 24.74 ms
[20Jun2025 19:48:07.569] [Render thread/INFO] [mezz.jei.library.load.PluginCaller/]: Registering fluid subtypes...
[20Jun2025 19:48:07.570] [Render thread/DEBUG] [mezz.jei.library.load.PluginCallerTimerRunnable/]: Registering fluid subtypes: jei:minecraft...
[20Jun2025 19:48:07.570] [Render thread/DEBUG] [mezz.jei.library.load.PluginCallerTimerRunnable/]: Registering fluid subtypes: jei:neoforge_gui...
[20Jun2025 19:48:07.570] [Render thread/DEBUG] [mezz.jei.library.load.PluginCallerTimerRunnable/]: Registering fluid subtypes: jei:debug...
[20Jun2025 19:48:07.573] [Render thread/DEBUG] [mezz.jei.library.load.PluginCallerTimerRunnable/]: Registering fluid subtypes: jei:gui...
[20Jun2025 19:48:07.573] [Render thread/DEBUG] [mezz.jei.library.load.PluginCallerTimerRunnable/]: Registering fluid subtypes: betterdiscs:jei_plugin...
[20Jun2025 19:48:07.573] [Render thread/DEBUG] [mezz.jei.library.load.PluginCallerTimerRunnable/]: Registering fluid subtypes: jei:internal...
[20Jun2025 19:48:07.573] [Render thread/INFO] [mezz.jei.library.load.PluginCaller/]: Registering fluid subtypes took 4.395 ms
[20Jun2025 19:48:07.578] [Render thread/INFO] [mezz.jei.library.load.PluginCaller/]: Registering ingredients...
[20Jun2025 19:48:07.580] [Render thread/DEBUG] [mezz.jei.library.load.PluginCallerTimerRunnable/]: Registering ingredients: jei:minecraft...
[20Jun2025 19:48:07.618] [Render thread/DEBUG] [mezz.jei.library.plugins.vanilla.ingredients.ItemStackListFactory/]: Added  402/ 402 new items from 'Building Blocks' creative tab's displayItems
[20Jun2025 19:48:07.625] [Render thread/DEBUG] [mezz.jei.library.plugins.vanilla.ingredients.ItemStackListFactory/]: Added  198/ 198 new items from 'Colored Blocks' creative tab's displayItems
[20Jun2025 19:48:07.630] [Render thread/DEBUG] [mezz.jei.library.plugins.vanilla.ingredients.ItemStackListFactory/]: Added  201/ 226 new items from 'Natural Blocks' creative tab's displayItems
[20Jun2025 19:48:07.654] [Render thread/DEBUG] [mezz.jei.library.plugins.vanilla.ingredients.ItemStackListFactory/]: Added  138/ 225 new items from 'Functional Blocks' creative tab's displayItems
[20Jun2025 19:48:07.656] [Render thread/DEBUG] [mezz.jei.library.plugins.vanilla.ingredients.ItemStackListFactory/]: Added   29/  68 new items from 'Redstone Blocks' creative tab's displayItems
[20Jun2025 19:48:07.656] [Render thread/DEBUG] [mezz.jei.library.plugins.vanilla.ingredients.ItemStackListFactory/]: Skipping creative tab: 'Saved Hotbars' because it is type: HOTBAR
[20Jun2025 19:48:07.656] [Render thread/DEBUG] [mezz.jei.library.plugins.vanilla.ingredients.ItemStackListFactory/]: Skipping creative tab: 'Search Items' because it is type: SEARCH
[20Jun2025 19:48:07.667] [Render thread/DEBUG] [mezz.jei.library.plugins.vanilla.ingredients.ItemStackListFactory/]: Added  101/ 113 new items from 'Tools & Utilities' creative tab's displayItems
[20Jun2025 19:48:07.673] [Render thread/DEBUG] [mezz.jei.library.plugins.vanilla.ingredients.ItemStackListFactory/]: Added   92/ 104 new items from 'Combat' creative tab's displayItems
[20Jun2025 19:48:07.687] [Render thread/DEBUG] [mezz.jei.library.plugins.vanilla.ingredients.ItemStackListFactory/]: Added  190/ 193 new items from 'Food & Drinks' creative tab's displayItems
[20Jun2025 19:48:07.702] [Render thread/DEBUG] [mezz.jei.library.plugins.vanilla.ingredients.ItemStackListFactory/]: Added  172/ 186 new items from 'Ingredients' creative tab's displayItems
[20Jun2025 19:48:07.702] [Render thread/DEBUG] [mezz.jei.library.plugins.vanilla.ingredients.ItemStackListFactory/]: Added   83/ 269 new items from 'Ingredients' creative tab's searchTabDisplayItems
[20Jun2025 19:48:07.705] [Render thread/DEBUG] [mezz.jei.library.plugins.vanilla.ingredients.ItemStackListFactory/]: Added   80/  80 new items from 'Spawn Eggs' creative tab's displayItems
[20Jun2025 19:48:07.705] [Render thread/WARN] [mezz.jei.library.plugins.vanilla.ingredients.ItemStackListFactory/]: Item Group has no display items and no search tab display items. Items from this group will be missing from the JEI ingredient list. Operator Utilities
[20Jun2025 19:48:07.705] [Render thread/DEBUG] [mezz.jei.library.plugins.vanilla.ingredients.ItemStackListFactory/]: Skipping creative tab: 'Survival Inventory' because it is type: INVENTORY
[20Jun2025 19:48:07.705] [Render thread/DEBUG] [mezz.jei.library.plugins.vanilla.ingredients.ItemStackListFactory/]: Added    9/   9 new items from 'Better Music Discs' creative tab's displayItems
[20Jun2025 19:48:07.747] [Render thread/INFO] [mezz.jei.library.load.PluginCallerTimerRunnable/]: Registering ingredients: jei:minecraft took 166.9 milliseconds
[20Jun2025 19:48:07.747] [Render thread/DEBUG] [mezz.jei.library.load.PluginCallerTimerRunnable/]: Registering ingredients: jei:neoforge_gui...
[20Jun2025 19:48:07.747] [Render thread/DEBUG] [mezz.jei.library.load.PluginCallerTimerRunnable/]: Registering ingredients: jei:debug...
[20Jun2025 19:48:07.747] [Render thread/DEBUG] [mezz.jei.library.load.PluginCallerTimerRunnable/]: Registering ingredients: jei:gui...
[20Jun2025 19:48:07.747] [Render thread/DEBUG] [mezz.jei.library.load.PluginCallerTimerRunnable/]: Registering ingredients: betterdiscs:jei_plugin...
[20Jun2025 19:48:07.747] [Render thread/DEBUG] [mezz.jei.library.load.PluginCallerTimerRunnable/]: Registering ingredients: jei:internal...
[20Jun2025 19:48:07.747] [Render thread/INFO] [mezz.jei.library.load.PluginCaller/]: Registering ingredients took 168.5 ms
[20Jun2025 19:48:07.748] [Render thread/INFO] [mezz.jei.library.load.PluginCaller/]: Registering extra ingredients...
[20Jun2025 19:48:07.749] [Render thread/DEBUG] [mezz.jei.library.load.PluginCallerTimerRunnable/]: Registering extra ingredients: jei:minecraft...
[20Jun2025 19:48:07.749] [Render thread/DEBUG] [mezz.jei.library.load.PluginCallerTimerRunnable/]: Registering extra ingredients: jei:neoforge_gui...
[20Jun2025 19:48:07.749] [Render thread/DEBUG] [mezz.jei.library.load.PluginCallerTimerRunnable/]: Registering extra ingredients: jei:debug...
[20Jun2025 19:48:07.749] [Render thread/DEBUG] [mezz.jei.library.load.PluginCallerTimerRunnable/]: Registering extra ingredients: jei:gui...
[20Jun2025 19:48:07.749] [Render thread/DEBUG] [mezz.jei.library.load.PluginCallerTimerRunnable/]: Registering extra ingredients: betterdiscs:jei_plugin...
[20Jun2025 19:48:07.749] [Render thread/DEBUG] [mezz.jei.library.load.PluginCallerTimerRunnable/]: Registering extra ingredients: jei:internal...
[20Jun2025 19:48:07.750] [Render thread/INFO] [mezz.jei.library.load.PluginCaller/]: Registering extra ingredients took 721.1 μs
[20Jun2025 19:48:07.753] [Render thread/INFO] [mezz.jei.library.load.PluginCaller/]: Registering search ingredient aliases...
[20Jun2025 19:48:07.754] [Render thread/DEBUG] [mezz.jei.library.load.PluginCallerTimerRunnable/]: Registering search ingredient aliases: jei:minecraft...
[20Jun2025 19:48:07.754] [Render thread/DEBUG] [mezz.jei.library.load.PluginCallerTimerRunnable/]: Registering search ingredient aliases: jei:neoforge_gui...
[20Jun2025 19:48:07.754] [Render thread/DEBUG] [mezz.jei.library.load.PluginCallerTimerRunnable/]: Registering search ingredient aliases: jei:debug...
[20Jun2025 19:48:07.754] [Render thread/DEBUG] [mezz.jei.library.load.PluginCallerTimerRunnable/]: Registering search ingredient aliases: jei:gui...
[20Jun2025 19:48:07.755] [Render thread/DEBUG] [mezz.jei.library.load.PluginCallerTimerRunnable/]: Registering search ingredient aliases: betterdiscs:jei_plugin...
[20Jun2025 19:48:07.755] [Render thread/DEBUG] [mezz.jei.library.load.PluginCallerTimerRunnable/]: Registering search ingredient aliases: jei:internal...
[20Jun2025 19:48:07.755] [Render thread/INFO] [mezz.jei.library.load.PluginCaller/]: Registering search ingredient aliases took 1.425 ms
[20Jun2025 19:48:07.818] [Render thread/INFO] [mezz.jei.library.load.PluginCaller/]: Registering Mod Info...
[20Jun2025 19:48:07.819] [Render thread/DEBUG] [mezz.jei.library.load.PluginCallerTimerRunnable/]: Registering Mod Info: jei:minecraft...
[20Jun2025 19:48:07.819] [Render thread/DEBUG] [mezz.jei.library.load.PluginCallerTimerRunnable/]: Registering Mod Info: jei:neoforge_gui...
[20Jun2025 19:48:07.819] [Render thread/DEBUG] [mezz.jei.library.load.PluginCallerTimerRunnable/]: Registering Mod Info: jei:debug...
[20Jun2025 19:48:07.819] [Render thread/DEBUG] [mezz.jei.library.load.PluginCallerTimerRunnable/]: Registering Mod Info: jei:gui...
[20Jun2025 19:48:07.819] [Render thread/DEBUG] [mezz.jei.library.load.PluginCallerTimerRunnable/]: Registering Mod Info: betterdiscs:jei_plugin...
[20Jun2025 19:48:07.819] [Render thread/DEBUG] [mezz.jei.library.load.PluginCallerTimerRunnable/]: Registering Mod Info: jei:internal...
[20Jun2025 19:48:07.820] [Render thread/INFO] [mezz.jei.library.load.PluginCaller/]: Registering Mod Info took 809.7 μs
[20Jun2025 19:48:07.854] [Render thread/INFO] [mezz.jei.library.load.PluginCaller/]: Registering categories...
[20Jun2025 19:48:07.855] [Render thread/DEBUG] [mezz.jei.library.load.PluginCallerTimerRunnable/]: Registering categories: jei:minecraft...
[20Jun2025 19:48:07.905] [Render thread/INFO] [mezz.jei.library.load.PluginCallerTimerRunnable/]: Registering categories: jei:minecraft took 50.12 milliseconds
[20Jun2025 19:48:07.905] [Render thread/DEBUG] [mezz.jei.library.load.PluginCallerTimerRunnable/]: Registering categories: jei:neoforge_gui...
[20Jun2025 19:48:07.905] [Render thread/DEBUG] [mezz.jei.library.load.PluginCallerTimerRunnable/]: Registering categories: jei:debug...
[20Jun2025 19:48:07.905] [Render thread/DEBUG] [mezz.jei.library.load.PluginCallerTimerRunnable/]: Registering categories: jei:gui...
[20Jun2025 19:48:07.906] [Render thread/DEBUG] [mezz.jei.library.load.PluginCallerTimerRunnable/]: Registering categories: betterdiscs:jei_plugin...
[20Jun2025 19:48:07.914] [Render thread/DEBUG] [mezz.jei.library.load.PluginCallerTimerRunnable/]: Registering categories: jei:internal...
[20Jun2025 19:48:07.925] [Render thread/INFO] [mezz.jei.library.load.PluginCaller/]: Registering categories took 70.28 ms
[20Jun2025 19:48:07.927] [Render thread/INFO] [mezz.jei.library.load.PluginCaller/]: Registering vanilla category extensions...
[20Jun2025 19:48:07.928] [Render thread/DEBUG] [mezz.jei.library.load.PluginCallerTimerRunnable/]: Registering vanilla category extensions: jei:minecraft...
[20Jun2025 19:48:07.936] [Render thread/DEBUG] [mezz.jei.library.load.PluginCallerTimerRunnable/]: Registering vanilla category extensions: jei:neoforge_gui...
[20Jun2025 19:48:07.937] [Render thread/DEBUG] [mezz.jei.library.load.PluginCallerTimerRunnable/]: Registering vanilla category extensions: jei:debug...
[20Jun2025 19:48:07.937] [Render thread/DEBUG] [mezz.jei.library.load.PluginCallerTimerRunnable/]: Registering vanilla category extensions: jei:gui...
[20Jun2025 19:48:07.937] [Render thread/DEBUG] [mezz.jei.library.load.PluginCallerTimerRunnable/]: Registering vanilla category extensions: betterdiscs:jei_plugin...
[20Jun2025 19:48:07.937] [Render thread/DEBUG] [mezz.jei.library.load.PluginCallerTimerRunnable/]: Registering vanilla category extensions: jei:internal...
[20Jun2025 19:48:07.937] [Render thread/INFO] [mezz.jei.library.load.PluginCaller/]: Registering vanilla category extensions took 9.163 ms
[20Jun2025 19:48:07.940] [Render thread/INFO] [mezz.jei.library.load.PluginCaller/]: Registering recipe catalysts...
[20Jun2025 19:48:07.940] [Render thread/DEBUG] [mezz.jei.library.load.PluginCallerTimerRunnable/]: Registering recipe catalysts: jei:minecraft...
[20Jun2025 19:48:07.941] [Render thread/DEBUG] [mezz.jei.library.load.PluginCallerTimerRunnable/]: Registering recipe catalysts: jei:neoforge_gui...
[20Jun2025 19:48:07.941] [Render thread/DEBUG] [mezz.jei.library.load.PluginCallerTimerRunnable/]: Registering recipe catalysts: jei:debug...
[20Jun2025 19:48:07.941] [Render thread/DEBUG] [mezz.jei.library.load.PluginCallerTimerRunnable/]: Registering recipe catalysts: jei:gui...
[20Jun2025 19:48:07.941] [Render thread/DEBUG] [mezz.jei.library.load.PluginCallerTimerRunnable/]: Registering recipe catalysts: betterdiscs:jei_plugin...
[20Jun2025 19:48:07.941] [Render thread/DEBUG] [mezz.jei.library.load.PluginCallerTimerRunnable/]: Registering recipe catalysts: jei:internal...
[20Jun2025 19:48:07.941] [Render thread/INFO] [mezz.jei.library.load.PluginCaller/]: Registering recipe catalysts took 1.270 ms
[20Jun2025 19:48:07.943] [Render thread/INFO] [mezz.jei.core.util.LoggedTimer/]: Building recipe registry...
[20Jun2025 19:48:07.979] [Render thread/INFO] [mezz.jei.core.util.LoggedTimer/]: Building recipe registry took 36.06 ms
[20Jun2025 19:48:07.984] [Render thread/INFO] [mezz.jei.library.load.PluginCaller/]: Registering advanced plugins...
[20Jun2025 19:48:07.985] [Render thread/DEBUG] [mezz.jei.library.load.PluginCallerTimerRunnable/]: Registering advanced plugins: jei:minecraft...
[20Jun2025 19:48:07.985] [Render thread/DEBUG] [mezz.jei.library.load.PluginCallerTimerRunnable/]: Registering advanced plugins: jei:neoforge_gui...
[20Jun2025 19:48:07.985] [Render thread/DEBUG] [mezz.jei.library.load.PluginCallerTimerRunnable/]: Registering advanced plugins: jei:debug...
[20Jun2025 19:48:07.985] [Render thread/DEBUG] [mezz.jei.library.load.PluginCallerTimerRunnable/]: Registering advanced plugins: jei:gui...
[20Jun2025 19:48:07.985] [Render thread/DEBUG] [mezz.jei.library.load.PluginCallerTimerRunnable/]: Registering advanced plugins: betterdiscs:jei_plugin...
[20Jun2025 19:48:07.985] [Render thread/DEBUG] [mezz.jei.library.load.PluginCallerTimerRunnable/]: Registering advanced plugins: jei:internal...
[20Jun2025 19:48:07.986] [Render thread/INFO] [mezz.jei.library.load.PluginCaller/]: Registering advanced plugins took 889.9 μs
[20Jun2025 19:48:07.989] [Render thread/INFO] [mezz.jei.library.load.PluginCaller/]: Registering recipes...
[20Jun2025 19:48:07.990] [Render thread/DEBUG] [mezz.jei.library.load.PluginCallerTimerRunnable/]: Registering recipes: jei:minecraft...
[20Jun2025 19:48:08.038] [Render thread/DEBUG] [mezz.jei.library.recipes.RecipeManagerInternal/]: Adding recipes: RecipeType[uid=minecraft:crafting, recipeClass=class net.minecraft.world.item.crafting.RecipeHolder]
[20Jun2025 19:48:08.095] [Render thread/DEBUG] [mezz.jei.library.recipes.RecipeManagerInternal/]: Adding recipes: RecipeType[uid=minecraft:crafting, recipeClass=class net.minecraft.world.item.crafting.RecipeHolder]
[20Jun2025 19:48:08.110] [Render thread/DEBUG] [mezz.jei.library.recipes.RecipeManagerInternal/]: Adding recipes: RecipeType[uid=minecraft:stonecutting, recipeClass=class net.minecraft.world.item.crafting.RecipeHolder]
[20Jun2025 19:48:08.112] [Render thread/DEBUG] [mezz.jei.library.recipes.RecipeManagerInternal/]: Adding recipes: RecipeType[uid=minecraft:smelting, recipeClass=class net.minecraft.world.item.crafting.RecipeHolder]
[20Jun2025 19:48:08.113] [Render thread/DEBUG] [mezz.jei.library.recipes.RecipeManagerInternal/]: Adding recipes: RecipeType[uid=minecraft:smoking, recipeClass=class net.minecraft.world.item.crafting.RecipeHolder]
[20Jun2025 19:48:08.113] [Render thread/DEBUG] [mezz.jei.library.recipes.RecipeManagerInternal/]: Adding recipes: RecipeType[uid=minecraft:blasting, recipeClass=class net.minecraft.world.item.crafting.RecipeHolder]
[20Jun2025 19:48:08.113] [Render thread/DEBUG] [mezz.jei.library.recipes.RecipeManagerInternal/]: Adding recipes: RecipeType[uid=minecraft:campfire_cooking, recipeClass=class net.minecraft.world.item.crafting.RecipeHolder]
[20Jun2025 19:48:08.121] [Render thread/DEBUG] [mezz.jei.library.recipes.RecipeManagerInternal/]: Adding recipes: RecipeType[uid=minecraft:fuel, recipeClass=interface mezz.jei.api.recipe.vanilla.IJeiFuelingRecipe]
[20Jun2025 19:48:08.150] [Render thread/DEBUG] [mezz.jei.library.recipes.RecipeManagerInternal/]: Adding recipes: RecipeType[uid=minecraft:anvil, recipeClass=interface mezz.jei.api.recipe.vanilla.IJeiAnvilRecipe]
[20Jun2025 19:48:08.166] [Render thread/DEBUG] [mezz.jei.library.recipes.RecipeManagerInternal/]: Adding recipes: RecipeType[uid=minecraft:smithing, recipeClass=class net.minecraft.world.item.crafting.RecipeHolder]
[20Jun2025 19:48:08.187] [Render thread/DEBUG] [mezz.jei.library.recipes.RecipeManagerInternal/]: Adding recipes: RecipeType[uid=minecraft:compostable, recipeClass=interface mezz.jei.api.recipe.vanilla.IJeiCompostingRecipe]
[20Jun2025 19:48:08.232] [Render thread/DEBUG] [mezz.jei.library.recipes.RecipeManagerInternal/]: Adding recipes: RecipeType[uid=minecraft:brewing, recipeClass=interface mezz.jei.api.recipe.vanilla.IJeiBrewingRecipe]
[20Jun2025 19:48:08.238] [Render thread/INFO] [mezz.jei.library.load.PluginCallerTimerRunnable/]: Registering recipes: jei:minecraft took 247.7 milliseconds
[20Jun2025 19:48:08.238] [Render thread/DEBUG] [mezz.jei.library.load.PluginCallerTimerRunnable/]: Registering recipes: jei:neoforge_gui...
[20Jun2025 19:48:08.238] [Render thread/DEBUG] [mezz.jei.library.load.PluginCallerTimerRunnable/]: Registering recipes: jei:debug...
[20Jun2025 19:48:08.238] [Render thread/DEBUG] [mezz.jei.library.load.PluginCallerTimerRunnable/]: Registering recipes: jei:gui...
[20Jun2025 19:48:08.238] [Render thread/DEBUG] [mezz.jei.library.load.PluginCallerTimerRunnable/]: Registering recipes: betterdiscs:jei_plugin...
[20Jun2025 19:48:08.239] [Render thread/DEBUG] [mezz.jei.library.recipes.RecipeManagerInternal/]: Adding recipes: RecipeType[uid=betterdiscs:record_press, recipeClass=class net.ultimporks.betterdiscs.recipe.RecordPressRecipe]
[20Jun2025 19:48:08.239] [Render thread/DEBUG] [mezz.jei.library.recipes.RecipeManagerInternal/]: Adding recipes: RecipeType[uid=betterdiscs:record_lathe, recipeClass=class net.ultimporks.betterdiscs.recipe.RecordLatheRecipe]
[20Jun2025 19:48:08.240] [Render thread/DEBUG] [mezz.jei.library.load.PluginCallerTimerRunnable/]: Registering recipes: jei:internal...
[20Jun2025 19:48:08.244] [Render thread/DEBUG] [mezz.jei.library.plugins.jei.tags.TagInfoRecipeMaker/]: No valid ingredients found for minecraft:block tag: #minecraft:strider_warm_blocks (minecraft:strider_warm_blocks)
[20Jun2025 19:48:08.244] [Render thread/DEBUG] [mezz.jei.library.plugins.jei.tags.TagInfoRecipeMaker/]: No valid ingredients found for minecraft:block tag: #minecraft:invalid_spawn_inside (minecraft:invalid_spawn_inside)
[20Jun2025 19:48:08.245] [Render thread/DEBUG] [mezz.jei.library.plugins.jei.tags.TagInfoRecipeMaker/]: No valid ingredients found for minecraft:block tag: Relocation Not Supported (c:relocation_not_supported)
[20Jun2025 19:48:08.245] [Render thread/DEBUG] [mezz.jei.library.plugins.jei.tags.TagInfoRecipeMaker/]: No valid ingredients found for minecraft:block tag: Needs Netherite Tools (neoforge:needs_netherite_tool)
[20Jun2025 19:48:08.245] [Render thread/DEBUG] [mezz.jei.library.plugins.jei.tags.TagInfoRecipeMaker/]: No valid ingredients found for minecraft:block tag: #minecraft:incorrect_for_diamond_tool (minecraft:incorrect_for_diamond_tool)
[20Jun2025 19:48:08.245] [Render thread/DEBUG] [mezz.jei.library.plugins.jei.tags.TagInfoRecipeMaker/]: No valid ingredients found for minecraft:block tag: #minecraft:portals (minecraft:portals)
[20Jun2025 19:48:08.246] [Render thread/DEBUG] [mezz.jei.library.plugins.jei.tags.TagInfoRecipeMaker/]: No valid ingredients found for minecraft:block tag: #minecraft:candle_cakes (minecraft:candle_cakes)
[20Jun2025 19:48:08.246] [Render thread/DEBUG] [mezz.jei.library.plugins.jei.tags.TagInfoRecipeMaker/]: No valid ingredients found for minecraft:block tag: #minecraft:air (minecraft:air)
[20Jun2025 19:48:08.246] [Render thread/DEBUG] [mezz.jei.library.plugins.jei.tags.TagInfoRecipeMaker/]: No valid ingredients found for minecraft:block tag: Ropes (c:ropes)
[20Jun2025 19:48:08.246] [Render thread/DEBUG] [mezz.jei.library.plugins.jei.tags.TagInfoRecipeMaker/]: No valid ingredients found for minecraft:block tag: #minecraft:incorrect_for_netherite_tool (minecraft:incorrect_for_netherite_tool)
[20Jun2025 19:48:08.247] [Render thread/DEBUG] [mezz.jei.library.plugins.jei.tags.TagInfoRecipeMaker/]: No valid ingredients found for minecraft:block tag: Enderman Place On Blacklist (neoforge:enderman_place_on_blacklist)
[20Jun2025 19:48:08.247] [Render thread/DEBUG] [mezz.jei.library.plugins.jei.tags.TagInfoRecipeMaker/]: No valid ingredients found for minecraft:block tag: #minecraft:fire (minecraft:fire)
[20Jun2025 19:48:08.248] [Render thread/DEBUG] [mezz.jei.library.recipes.RecipeManagerInternal/]: Adding recipes: RecipeType[uid=minecraft:tag_recipes/block, recipeClass=interface mezz.jei.library.plugins.jei.tags.ITagInfoRecipe]
[20Jun2025 19:48:08.276] [Render thread/DEBUG] [mezz.jei.library.plugins.jei.tags.TagInfoRecipeMaker/]: No valid ingredients found for minecraft:item tag: Wrenches (c:tools/wrench)
[20Jun2025 19:48:08.276] [Render thread/DEBUG] [mezz.jei.library.plugins.jei.tags.TagInfoRecipeMaker/]: No valid ingredients found for minecraft:item tag: Juice (c:drinks/juice)
[20Jun2025 19:48:08.277] [Render thread/DEBUG] [mezz.jei.library.plugins.jei.tags.TagInfoRecipeMaker/]: No valid ingredients found for minecraft:item tag: Water (c:drinks/water)
[20Jun2025 19:48:08.277] [Render thread/DEBUG] [mezz.jei.library.plugins.jei.tags.TagInfoRecipeMaker/]: No valid ingredients found for minecraft:item tag: Ropes (c:ropes)
[20Jun2025 19:48:08.277] [Render thread/DEBUG] [mezz.jei.library.plugins.jei.tags.TagInfoRecipeMaker/]: No valid ingredients found for minecraft:item tag: Candies (c:foods/candy)
[20Jun2025 19:48:08.278] [Render thread/DEBUG] [mezz.jei.library.recipes.RecipeManagerInternal/]: Adding recipes: RecipeType[uid=minecraft:tag_recipes/item, recipeClass=interface mezz.jei.library.plugins.jei.tags.ITagInfoRecipe]
[20Jun2025 19:48:08.293] [Render thread/DEBUG] [mezz.jei.library.plugins.jei.tags.TagInfoRecipeMaker/]: No valid ingredients found for minecraft:fluid tag: Suspicious Stew (c:suspicious_stew)
[20Jun2025 19:48:08.293] [Render thread/DEBUG] [mezz.jei.library.plugins.jei.tags.TagInfoRecipeMaker/]: No valid ingredients found for minecraft:fluid tag: Mushroom Stew (c:mushroom_stew)
[20Jun2025 19:48:08.293] [Render thread/DEBUG] [mezz.jei.library.plugins.jei.tags.TagInfoRecipeMaker/]: No valid ingredients found for minecraft:fluid tag: Gaseous (c:gaseous)
[20Jun2025 19:48:08.293] [Render thread/DEBUG] [mezz.jei.library.plugins.jei.tags.TagInfoRecipeMaker/]: No valid ingredients found for minecraft:fluid tag: Milk (c:milk)
[20Jun2025 19:48:08.294] [Render thread/DEBUG] [mezz.jei.library.plugins.jei.tags.TagInfoRecipeMaker/]: No valid ingredients found for minecraft:fluid tag: Potion (c:potion)
[20Jun2025 19:48:08.294] [Render thread/DEBUG] [mezz.jei.library.plugins.jei.tags.TagInfoRecipeMaker/]: No valid ingredients found for minecraft:fluid tag: Rabbit Stew (c:rabbit_stew)
[20Jun2025 19:48:08.294] [Render thread/DEBUG] [mezz.jei.library.plugins.jei.tags.TagInfoRecipeMaker/]: No valid ingredients found for minecraft:fluid tag: Beetroot Soup (c:beetroot_soup)
[20Jun2025 19:48:08.294] [Render thread/DEBUG] [mezz.jei.library.plugins.jei.tags.TagInfoRecipeMaker/]: No valid ingredients found for minecraft:fluid tag: Experience (c:experience)
[20Jun2025 19:48:08.294] [Render thread/DEBUG] [mezz.jei.library.plugins.jei.tags.TagInfoRecipeMaker/]: No valid ingredients found for minecraft:fluid tag: Honey (c:honey)
[20Jun2025 19:48:08.294] [Render thread/DEBUG] [mezz.jei.library.recipes.RecipeManagerInternal/]: Adding recipes: RecipeType[uid=minecraft:tag_recipes/fluid, recipeClass=interface mezz.jei.library.plugins.jei.tags.ITagInfoRecipe]
[20Jun2025 19:48:08.294] [Render thread/INFO] [mezz.jei.library.load.PluginCallerTimerRunnable/]: Registering recipes: jei:internal took 55.15 milliseconds
[20Jun2025 19:48:08.295] [Render thread/INFO] [mezz.jei.library.load.PluginCaller/]: Registering recipes took 305.7 ms
[20Jun2025 19:48:08.318] [Render thread/INFO] [mezz.jei.library.load.PluginCaller/]: Registering recipes transfer handlers...
[20Jun2025 19:48:08.319] [Render thread/DEBUG] [mezz.jei.library.load.PluginCallerTimerRunnable/]: Registering recipes transfer handlers: jei:minecraft...
[20Jun2025 19:48:08.328] [Render thread/DEBUG] [mezz.jei.library.load.PluginCallerTimerRunnable/]: Registering recipes transfer handlers: jei:neoforge_gui...
[20Jun2025 19:48:08.328] [Render thread/DEBUG] [mezz.jei.library.load.PluginCallerTimerRunnable/]: Registering recipes transfer handlers: jei:debug...
[20Jun2025 19:48:08.328] [Render thread/DEBUG] [mezz.jei.library.load.PluginCallerTimerRunnable/]: Registering recipes transfer handlers: jei:gui...
[20Jun2025 19:48:08.328] [Render thread/DEBUG] [mezz.jei.library.load.PluginCallerTimerRunnable/]: Registering recipes transfer handlers: betterdiscs:jei_plugin...
[20Jun2025 19:48:08.328] [Render thread/DEBUG] [mezz.jei.library.load.PluginCallerTimerRunnable/]: Registering recipes transfer handlers: jei:internal...
[20Jun2025 19:48:08.328] [Render thread/INFO] [mezz.jei.library.load.PluginCaller/]: Registering recipes transfer handlers took 10.13 ms
[20Jun2025 19:48:08.350] [Render thread/INFO] [mezz.jei.core.util.LoggedTimer/]: Building runtime...
[20Jun2025 19:48:08.366] [Render thread/INFO] [mezz.jei.library.load.PluginCaller/]: Registering gui handlers...
[20Jun2025 19:48:08.366] [Render thread/DEBUG] [mezz.jei.library.load.PluginCallerTimerRunnable/]: Registering gui handlers: jei:minecraft...
[20Jun2025 19:48:08.376] [Render thread/DEBUG] [mezz.jei.library.load.PluginCallerTimerRunnable/]: Registering gui handlers: jei:neoforge_gui...
[20Jun2025 19:48:08.376] [Render thread/DEBUG] [mezz.jei.library.load.PluginCallerTimerRunnable/]: Registering gui handlers: jei:debug...
[20Jun2025 19:48:08.376] [Render thread/DEBUG] [mezz.jei.library.load.PluginCallerTimerRunnable/]: Registering gui handlers: jei:gui...
[20Jun2025 19:48:08.419] [Render thread/INFO] [mezz.jei.library.load.PluginCallerTimerRunnable/]: Registering gui handlers: jei:gui took 42.32 milliseconds
[20Jun2025 19:48:08.419] [Render thread/DEBUG] [mezz.jei.library.load.PluginCallerTimerRunnable/]: Registering gui handlers: betterdiscs:jei_plugin...
[20Jun2025 19:48:08.419] [Render thread/DEBUG] [mezz.jei.library.load.PluginCallerTimerRunnable/]: Registering gui handlers: jei:internal...
[20Jun2025 19:48:08.419] [Render thread/INFO] [mezz.jei.library.load.PluginCaller/]: Registering gui handlers took 53.61 ms
[20Jun2025 19:48:08.430] [Render thread/INFO] [mezz.jei.library.load.PluginCaller/]: Registering Runtime...
[20Jun2025 19:48:08.430] [Render thread/DEBUG] [mezz.jei.library.load.PluginCallerTimerRunnable/]: Registering Runtime: jei:minecraft...
[20Jun2025 19:48:08.431] [Render thread/DEBUG] [mezz.jei.library.load.PluginCallerTimerRunnable/]: Registering Runtime: jei:neoforge_gui...
[20Jun2025 19:48:08.433] [Render thread/INFO] [mezz.jei.gui.startup.JeiGuiStarter/]: Starting JEI GUI
[20Jun2025 19:48:08.435] [Render thread/INFO] [mezz.jei.core.util.LoggedTimer/]: Building ingredient list...
[20Jun2025 19:48:08.438] [Render thread/DEBUG] [mezz.jei.gui.ingredients.IngredientListElementFactory/]: Registering ingredients: ItemStack
[20Jun2025 19:48:08.474] [Render thread/DEBUG] [mezz.jei.gui.ingredients.IngredientListElementFactory/]: Registering ingredients: FluidStack
[20Jun2025 19:48:08.475] [Render thread/INFO] [mezz.jei.core.util.LoggedTimer/]: Building ingredient list took 39.94 ms
[20Jun2025 19:48:08.475] [Render thread/INFO] [mezz.jei.core.util.LoggedTimer/]: Building ingredient filter...
[20Jun2025 19:48:08.594] [Render thread/INFO] [mezz.jei.gui.ingredients.IngredientFilter/]: Adding 1697 ingredients
[20Jun2025 19:48:08.868] [Render thread/INFO] [mezz.jei.gui.ingredients.IngredientFilter/]: Added 1697 ingredients
[20Jun2025 19:48:08.869] [Render thread/INFO] [mezz.jei.core.util.LoggedTimer/]: Building ingredient filter took 393.3 ms
[20Jun2025 19:48:09.124] [Render thread/INFO] [mezz.jei.library.load.PluginCallerTimerRunnable/]: Registering Runtime: jei:neoforge_gui took 693.7 milliseconds
[20Jun2025 19:48:09.124] [Render thread/DEBUG] [mezz.jei.library.load.PluginCallerTimerRunnable/]: Registering Runtime: jei:debug...
[20Jun2025 19:48:09.124] [Render thread/DEBUG] [mezz.jei.library.load.PluginCallerTimerRunnable/]: Registering Runtime: jei:gui...
[20Jun2025 19:48:09.124] [Render thread/DEBUG] [mezz.jei.library.load.PluginCallerTimerRunnable/]: Registering Runtime: betterdiscs:jei_plugin...
[20Jun2025 19:48:09.124] [Render thread/DEBUG] [mezz.jei.library.load.PluginCallerTimerRunnable/]: Registering Runtime: jei:internal...
[20Jun2025 19:48:09.124] [Render thread/INFO] [mezz.jei.library.load.PluginCaller/]: Registering Runtime took 695.0 ms
[20Jun2025 19:48:09.129] [Render thread/INFO] [mezz.jei.core.util.LoggedTimer/]: Building runtime took 779.2 ms
[20Jun2025 19:48:09.131] [Render thread/INFO] [mezz.jei.library.load.PluginCaller/]: Sending Runtime...
[20Jun2025 19:48:09.131] [Render thread/DEBUG] [mezz.jei.library.load.PluginCallerTimerRunnable/]: Sending Runtime: jei:minecraft...
[20Jun2025 19:48:09.131] [Render thread/DEBUG] [mezz.jei.library.load.PluginCallerTimerRunnable/]: Sending Runtime: jei:neoforge_gui...
[20Jun2025 19:48:09.131] [Render thread/DEBUG] [mezz.jei.library.load.PluginCallerTimerRunnable/]: Sending Runtime: jei:debug...
[20Jun2025 19:48:09.131] [Render thread/DEBUG] [mezz.jei.library.load.PluginCallerTimerRunnable/]: Sending Runtime: jei:gui...
[20Jun2025 19:48:09.131] [Render thread/DEBUG] [mezz.jei.library.load.PluginCallerTimerRunnable/]: Sending Runtime: betterdiscs:jei_plugin...
[20Jun2025 19:48:09.131] [Render thread/DEBUG] [mezz.jei.library.load.PluginCallerTimerRunnable/]: Sending Runtime: jei:internal...
[20Jun2025 19:48:09.131] [Render thread/INFO] [mezz.jei.library.load.PluginCaller/]: Sending Runtime took 714.5 μs
[20Jun2025 19:48:09.132] [Render thread/INFO] [mezz.jei.core.util.LoggedTimer/]: Starting JEI took 1.612 s
[20Jun2025 19:48:09.164] [Render thread/INFO] [net.minecraft.advancements.AdvancementTree/]: Loaded 5 advancements
[20Jun2025 19:48:09.541] [JEI Config Save Delay/DEBUG] [mezz.jei.common.config.file.ConfigSerializer/]: Saving config file: C:\Users\ultim\Desktop\Minecraft mod projects\Version 1.21.1\BetterMusicDiscs 1.21.1-NEOFORGE\run\config\jei\jei-debug.ini
[20Jun2025 19:48:09.542] [JEI Config Save Delay/DEBUG] [mezz.jei.common.config.file.ConfigSerializer/]: Saving config file: C:\Users\ultim\Desktop\Minecraft mod projects\Version 1.21.1\BetterMusicDiscs 1.21.1-NEOFORGE\run\config\jei\jei-colors.ini
[20Jun2025 19:48:09.542] [JEI Config Save Delay/DEBUG] [mezz.jei.common.config.file.ConfigSerializer/]: Saving config file: C:\Users\ultim\Desktop\Minecraft mod projects\Version 1.21.1\BetterMusicDiscs 1.21.1-NEOFORGE\run\config\jei\jei-mod-id-format.ini
[20Jun2025 19:48:09.544] [JEI Config Save Delay/DEBUG] [mezz.jei.common.config.file.ConfigSerializer/]: Saving config file: C:\Users\ultim\Desktop\Minecraft mod projects\Version 1.21.1\BetterMusicDiscs 1.21.1-NEOFORGE\run\config\jei\jei-client.ini
[20Jun2025 19:48:10.055] [JEI Config File Watcher/DEBUG] [mezz.jei.common.config.file.FileWatcherThread/]: Detected changes in files:
C:\Users\ultim\Desktop\Minecraft mod projects\Version 1.21.1\BetterMusicDiscs 1.21.1-NEOFORGE\run\config\jei\jei-client.ini
C:\Users\ultim\Desktop\Minecraft mod projects\Version 1.21.1\BetterMusicDiscs 1.21.1-NEOFORGE\run\config\jei\jei-debug.ini
C:\Users\ultim\Desktop\Minecraft mod projects\Version 1.21.1\BetterMusicDiscs 1.21.1-NEOFORGE\run\config\jei\jei-mod-id-format.ini
C:\Users\ultim\Desktop\Minecraft mod projects\Version 1.21.1\BetterMusicDiscs 1.21.1-NEOFORGE\run\config\jei\jei-colors.ini
[20Jun2025 19:48:11.374] [Render thread/DEBUG] [mezz.jei.common.config.file.ConfigSerializer/]: Skipping loading config file, it was just saved by us: C:\Users\ultim\Desktop\Minecraft mod projects\Version 1.21.1\BetterMusicDiscs 1.21.1-NEOFORGE\run\config\jei\jei-debug.ini
[20Jun2025 19:48:11.377] [Render thread/DEBUG] [mezz.jei.common.config.file.ConfigSerializer/]: Skipping loading config file, it was just saved by us: C:\Users\ultim\Desktop\Minecraft mod projects\Version 1.21.1\BetterMusicDiscs 1.21.1-NEOFORGE\run\config\jei\jei-client.ini
[20Jun2025 19:48:12.479] [Render thread/INFO] [net.ultimporks.betterdiscs.BetterMusicDiscs/]: BetterMusicDiscs LOGGER - JUKEBLOCK - Play Button Clicked!
[20Jun2025 19:48:12.513] [Render thread/INFO] [net.ultimporks.betterdiscs.BetterMusicDiscs/]: BetterMusicDiscs LOGGER - JUKEBLOCK - (JukeblockSoundEvent) - Speaker is starting! Song: C418 - chirp, Volume: 1.0
[20Jun2025 19:48:16.020] [Render thread/INFO] [net.ultimporks.betterdiscs.BetterMusicDiscs/]: BetterMusicDiscs LOGGER - JUKEBLOCK - Next Track button clicked!
[20Jun2025 19:48:16.022] [Server thread/INFO] [net.ultimporks.betterdiscs.BetterMusicDiscs/]: BetterMusicDiscs LOGGER - JUKEBLOCK - (JukeblockBlockEntity) - Skipping to next song at BlockPos{x=33, y=65, z=383}
[20Jun2025 19:48:16.023] [Render thread/INFO] [net.ultimporks.betterdiscs.BetterMusicDiscs/]: BetterMusicDiscs LOGGER - JUKEBLOCK - (JukeblockSoundEvent) - Jukeblock Speaker is stopping! BlockPos{x=33, y=65, z=383}
[20Jun2025 19:48:16.023] [Render thread/INFO] [net.ultimporks.betterdiscs.BetterMusicDiscs/]: BetterMusicDiscs LOGGER - JUKEBLOCK - (JukeblockSoundEvent) - Speaker is starting! Song: C418 - 13, Volume: 1.0
[20Jun2025 19:48:17.984] [Render thread/INFO] [net.ultimporks.betterdiscs.BetterMusicDiscs/]: BetterMusicDiscs LOGGER - JUKEBLOCK - Rewind Track button clicked!
[20Jun2025 19:48:17.985] [Render thread/INFO] [net.ultimporks.betterdiscs.BetterMusicDiscs/]: BetterMusicDiscs LOGGER - JUKEBLOCK - (JukeblockSoundEvent) - Jukeblock Speaker is stopping! BlockPos{x=33, y=65, z=383}
[20Jun2025 19:48:17.985] [Render thread/INFO] [net.ultimporks.betterdiscs.BetterMusicDiscs/]: BetterMusicDiscs LOGGER - JUKEBLOCK - (JukeblockSoundEvent) - Speaker is starting! Song: C418 - chirp, Volume: 1.0
[20Jun2025 19:48:20.446] [Render thread/INFO] [net.ultimporks.betterdiscs.BetterMusicDiscs/]: BetterMusicDiscs LOGGER - JUKEBLOCK - Stop Button Clicked!
[20Jun2025 19:48:20.450] [Render thread/INFO] [net.ultimporks.betterdiscs.BetterMusicDiscs/]: BetterMusicDiscs LOGGER - JUKEBLOCK - (JukeblockSoundEvent) - Jukeblock Speaker is stopping! BlockPos{x=33, y=65, z=383}
[20Jun2025 19:48:21.501] [Render thread/INFO] [net.ultimporks.betterdiscs.BetterMusicDiscs/]: BetterMusicDiscs LOGGER - JUKEBLOCK - Rewind Track button clicked!
[20Jun2025 19:48:22.365] [Render thread/INFO] [net.ultimporks.betterdiscs.BetterMusicDiscs/]: BetterMusicDiscs LOGGER - JUKEBLOCK - Next Track button clicked!
[20Jun2025 19:48:22.365] [Server thread/INFO] [net.ultimporks.betterdiscs.BetterMusicDiscs/]: BetterMusicDiscs LOGGER - JUKEBLOCK - (JukeblockBlockEntity) - Skipping to next song at BlockPos{x=33, y=65, z=383}
[20Jun2025 19:48:22.368] [Render thread/INFO] [net.ultimporks.betterdiscs.BetterMusicDiscs/]: BetterMusicDiscs LOGGER - JUKEBLOCK - (JukeblockSoundEvent) - Speaker is starting! Song: Lena Raine - Pigstep, Volume: 1.0
[20Jun2025 19:48:24.118] [Render thread/INFO] [net.ultimporks.betterdiscs.BetterMusicDiscs/]: BetterMusicDiscs LOGGER - JUKEBLOCK - Rewind Track button clicked!
[20Jun2025 19:48:25.295] [Render thread/INFO] [net.ultimporks.betterdiscs.BetterMusicDiscs/]: BetterMusicDiscs LOGGER - JUKEBLOCK - Rewind Track button clicked!
[20Jun2025 19:48:28.047] [Render thread/INFO] [net.ultimporks.betterdiscs.BetterMusicDiscs/]: BetterMusicDiscs LOGGER - JUKEBLOCK - Next Track button clicked!
[20Jun2025 19:48:28.047] [Server thread/INFO] [net.ultimporks.betterdiscs.BetterMusicDiscs/]: BetterMusicDiscs LOGGER - JUKEBLOCK - (JukeblockBlockEntity) - Skipping to next song at BlockPos{x=33, y=65, z=383}
[20Jun2025 19:48:28.056] [Render thread/INFO] [net.ultimporks.betterdiscs.BetterMusicDiscs/]: BetterMusicDiscs LOGGER - JUKEBLOCK - (JukeblockSoundEvent) - Jukeblock Speaker is stopping! BlockPos{x=33, y=65, z=383}
[20Jun2025 19:48:28.056] [Render thread/INFO] [net.ultimporks.betterdiscs.BetterMusicDiscs/]: BetterMusicDiscs LOGGER - JUKEBLOCK - (JukeblockSoundEvent) - Speaker is starting! Song: C418 - blocks, Volume: 1.0
[20Jun2025 19:48:28.943] [Render thread/INFO] [net.ultimporks.betterdiscs.BetterMusicDiscs/]: BetterMusicDiscs LOGGER - JUKEBLOCK - Rewind Track button clicked!
[20Jun2025 19:48:28.946] [Render thread/INFO] [net.ultimporks.betterdiscs.BetterMusicDiscs/]: BetterMusicDiscs LOGGER - JUKEBLOCK - (JukeblockSoundEvent) - Jukeblock Speaker is stopping! BlockPos{x=33, y=65, z=383}
[20Jun2025 19:48:28.946] [Render thread/INFO] [net.ultimporks.betterdiscs.BetterMusicDiscs/]: BetterMusicDiscs LOGGER - JUKEBLOCK - (JukeblockSoundEvent) - Speaker is starting! Song: Lena Raine - Pigstep, Volume: 1.0
[20Jun2025 19:48:30.143] [Render thread/INFO] [net.ultimporks.betterdiscs.BetterMusicDiscs/]: BetterMusicDiscs LOGGER - JUKEBLOCK - Stop Button Clicked!
[20Jun2025 19:48:30.148] [Render thread/INFO] [net.ultimporks.betterdiscs.BetterMusicDiscs/]: BetterMusicDiscs LOGGER - JUKEBLOCK - (JukeblockSoundEvent) - Jukeblock Speaker is stopping! BlockPos{x=33, y=65, z=383}
[20Jun2025 19:48:45.496] [Render thread/INFO] [net.ultimporks.betterdiscs.BetterMusicDiscs/]: BetterMusicDiscs LOGGER - JUKEBLOCK - Play Button Clicked!
[20Jun2025 19:48:45.499] [Render thread/INFO] [net.ultimporks.betterdiscs.BetterMusicDiscs/]: BetterMusicDiscs LOGGER - JUKEBLOCK - (JukeblockSoundEvent) - Speaker is starting! Song: C418 - mall, Volume: 1.0
[20Jun2025 19:52:03.505] [Server thread/INFO] [net.ultimporks.betterdiscs.BetterMusicDiscs/]: BetterMusicDiscs LOGGER - JUKEBLOCK - Song has ENDED!
[20Jun2025 19:52:03.506] [Server thread/INFO] [net.ultimporks.betterdiscs.BetterMusicDiscs/]: BetterMusicDiscs LOGGER - JUKEBLOCK - (JukeblockBlockEntity) - Shuffling next song at BlockPos{x=33, y=65, z=383}
[20Jun2025 19:52:03.507] [Render thread/INFO] [net.ultimporks.betterdiscs.BetterMusicDiscs/]: BetterMusicDiscs LOGGER - JUKEBLOCK - (JukeblockSoundEvent) - Jukeblock Speaker is stopping! BlockPos{x=33, y=65, z=383}
[20Jun2025 19:52:03.507] [Render thread/INFO] [net.ultimporks.betterdiscs.BetterMusicDiscs/]: BetterMusicDiscs LOGGER - JUKEBLOCK - (JukeblockSoundEvent) - Speaker is starting! Song: Lena Raine - Creator, Volume: 1.0
[20Jun2025 19:53:05.441] [Render thread/INFO] [net.ultimporks.betterdiscs.BetterMusicDiscs/]: BetterMusicDiscs LOGGER - JUKEBLOCK - Rewind Track button clicked!
[20Jun2025 19:53:05.444] [Render thread/INFO] [net.ultimporks.betterdiscs.BetterMusicDiscs/]: BetterMusicDiscs LOGGER - JUKEBLOCK - (JukeblockSoundEvent) - Jukeblock Speaker is stopping! BlockPos{x=33, y=65, z=383}
[20Jun2025 19:53:05.444] [Render thread/INFO] [net.ultimporks.betterdiscs.BetterMusicDiscs/]: BetterMusicDiscs LOGGER - JUKEBLOCK - (JukeblockSoundEvent) - Speaker is starting! Song: C418 - mall, Volume: 1.0
[20Jun2025 19:53:06.235] [Server thread/DEBUG] [net.neoforged.neoforge.common.CommonHooks/WP]: Gathered mod list to write to world save New World
[20Jun2025 19:53:07.866] [Render thread/INFO] [net.ultimporks.betterdiscs.BetterMusicDiscs/]: BetterMusicDiscs LOGGER - JUKEBLOCK - Stop Button Clicked!
[20Jun2025 19:53:07.867] [Server thread/INFO] [net.ultimporks.betterdiscs.BetterMusicDiscs/]: BetterMusicDiscs LOGGER - JUKEBLOCK - All records have been played. Resetting playedRecords.
[20Jun2025 19:53:07.876] [Render thread/INFO] [net.ultimporks.betterdiscs.BetterMusicDiscs/]: BetterMusicDiscs LOGGER - JUKEBLOCK - (JukeblockSoundEvent) - Jukeblock Speaker is stopping! BlockPos{x=33, y=65, z=383}
[20Jun2025 19:53:08.952] [Server thread/INFO] [net.minecraft.client.server.IntegratedServer/]: Saving and pausing game...
[20Jun2025 19:53:08.959] [Server thread/INFO] [net.minecraft.server.MinecraftServer/]: Saving chunks for level 'ServerLevel[New World]'/minecraft:overworld
[20Jun2025 19:53:08.964] [Server thread/INFO] [net.minecraft.server.MinecraftServer/]: Saving chunks for level 'ServerLevel[New World]'/minecraft:the_end
[20Jun2025 19:53:08.964] [Server thread/INFO] [net.minecraft.server.MinecraftServer/]: Saving chunks for level 'ServerLevel[New World]'/minecraft:the_nether
[20Jun2025 19:53:08.965] [Server thread/DEBUG] [net.neoforged.neoforge.common.CommonHooks/WP]: Gathered mod list to write to world save New World
[20Jun2025 19:53:09.451] [Render thread/INFO] [mezz.jei.neoforge.startup.StartEventObserver/]: JEI StartEventObserver received class net.neoforged.neoforge.client.event.ClientPlayerNetworkEvent$LoggingOut
[20Jun2025 19:53:09.451] [Render thread/INFO] [mezz.jei.neoforge.startup.StartEventObserver/]: JEI StartEventObserver transitioning state from JEI_STARTED to LISTENING
[20Jun2025 19:53:09.451] [Render thread/INFO] [mezz.jei.library.startup.JeiStarter/]: Stopping JEI
[20Jun2025 19:53:09.452] [Render thread/INFO] [mezz.jei.library.load.PluginCaller/]: Sending Runtime Unavailable...
[20Jun2025 19:53:09.452] [Render thread/DEBUG] [mezz.jei.library.load.PluginCallerTimerRunnable/]: Sending Runtime Unavailable: jei:minecraft...
[20Jun2025 19:53:09.452] [Render thread/DEBUG] [mezz.jei.library.load.PluginCallerTimerRunnable/]: Sending Runtime Unavailable: jei:neoforge_gui...
[20Jun2025 19:53:09.452] [Render thread/INFO] [mezz.jei.neoforge.plugins.neoforge.NeoForgeGuiPlugin/]: Stopping JEI GUI
[20Jun2025 19:53:09.454] [Render thread/DEBUG] [mezz.jei.library.load.PluginCallerTimerRunnable/]: Sending Runtime Unavailable: jei:debug...
[20Jun2025 19:53:09.454] [Render thread/DEBUG] [mezz.jei.library.load.PluginCallerTimerRunnable/]: Sending Runtime Unavailable: jei:gui...
[20Jun2025 19:53:09.454] [Render thread/DEBUG] [mezz.jei.library.load.PluginCallerTimerRunnable/]: Sending Runtime Unavailable: betterdiscs:jei_plugin...
[20Jun2025 19:53:09.454] [Render thread/DEBUG] [mezz.jei.library.load.PluginCallerTimerRunnable/]: Sending Runtime Unavailable: jei:internal...
[20Jun2025 19:53:09.454] [Render thread/INFO] [mezz.jei.library.load.PluginCaller/]: Sending Runtime Unavailable took 2.403 ms
[20Jun2025 19:53:09.507] [Server thread/INFO] [net.minecraft.server.network.ServerGamePacketListenerImpl/]: Dev lost connection: Disconnected
[20Jun2025 19:53:09.507] [Server thread/INFO] [net.minecraft.server.MinecraftServer/]: Dev left the game
[20Jun2025 19:53:09.517] [Server thread/INFO] [net.minecraft.server.network.ServerCommonPacketListenerImpl/]: Stopping singleplayer server as player logged out
[20Jun2025 19:53:09.552] [Server thread/INFO] [net.minecraft.server.MinecraftServer/]: Stopping server
[20Jun2025 19:53:09.553] [Server thread/INFO] [net.minecraft.server.MinecraftServer/]: Saving players
[20Jun2025 19:53:09.553] [Server thread/INFO] [net.minecraft.server.MinecraftServer/]: Saving worlds
