[25May2025 01:12:19.751] [src.main/INFO] [cpw.mods.modlauncher.Launcher/MODLAUNCHER]: ModLauncher running: args [--launchTarget, forge_userdev_data, --assetIndex, 17, --assetsDir, C:\Users\ultim\.gradle\caches\forge_gradle\assets, --gameDir, ., --mod, betterdiscs, --all, --output, C:\Users\ultim\Desktop\Minecraft mod projects\BetterMusicDiscs 1.21.1\src\generated\resources, --existing, C:\Users\ultim\Desktop\Minecraft mod projects\BetterMusicDiscs 1.21.1\src\src.main\resources, --mixin.config, betterdiscs.mixins.json]
[25May2025 01:12:19.754] [src.main/INFO] [cpw.mods.modlauncher.Launcher/MODLAUNCHER]: JVM identified as Oracle Corporation Java HotSpot(TM) 64-Bit Server VM 21.0.7+8-LTS-245
[25May2025 01:12:19.754] [src.main/INFO] [cpw.mods.modlauncher.Launcher/MODLAUNCHER]: ModLauncher 10.2.4 starting: java version 21.0.7 by Oracle Corporation; OS Windows 11 arch amd64 version 10.0
[25May2025 01:12:19.790] [src.main/DEBUG] [cpw.mods.modlauncher.LaunchServiceHandler/MODLAUNCHER]: Found launch services [forge_userdev_client,forge_dev_data,minecraft,forge_userdev_server_gametest,forge_dev_client,forge_userdev_data,forge_dev_server_gametest,testharness,forge_userdev_server,forge_client,forge_dev_server,forge_server]
[25May2025 01:12:19.813] [src.main/DEBUG] [cpw.mods.modlauncher.NameMappingServiceHandler/MODLAUNCHER]: Found naming services : [srgtomcp]
[25May2025 01:12:19.838] [src.main/DEBUG] [cpw.mods.modlauncher.LaunchPluginHandler/MODLAUNCHER]: Found launch plugins: [mixin,eventbus,slf4jfixer,object_holder_definalize,runtime_enum_extender,capability_token_subclass,accesstransformer,runtimedistcleaner]
[25May2025 01:12:19.846] [src.main/DEBUG] [cpw.mods.modlauncher.TransformationServicesHandler/MODLAUNCHER]: Discovering transformation services
[25May2025 01:12:19.848] [src.main/DEBUG] [net.minecraftforge.fml.loading.FMLPaths/CORE]: Path GAMEDIR is C:\Users\ultim\Desktop\Minecraft mod projects\BetterMusicDiscs 1.21.1\run-data
[25May2025 01:12:19.848] [src.main/DEBUG] [net.minecraftforge.fml.loading.FMLPaths/CORE]: Path MODSDIR is C:\Users\ultim\Desktop\Minecraft mod projects\BetterMusicDiscs 1.21.1\run-data\mods
[25May2025 01:12:19.848] [src.main/DEBUG] [net.minecraftforge.fml.loading.FMLPaths/CORE]: Path CONFIGDIR is C:\Users\ultim\Desktop\Minecraft mod projects\BetterMusicDiscs 1.21.1\run-data\config
[25May2025 01:12:19.849] [src.main/DEBUG] [net.minecraftforge.fml.loading.FMLPaths/CORE]: Path FMLCONFIG is C:\Users\ultim\Desktop\Minecraft mod projects\BetterMusicDiscs 1.21.1\run-data\config\fml.toml
[25May2025 01:12:19.893] [src.main/INFO] [net.minecraftforge.fml.loading.ImmediateWindowHandler/]: ImmediateWindowProvider not loading because launch target is forge_userdev_data
[25May2025 01:12:19.929] [src.main/DEBUG] [cpw.mods.modlauncher.TransformationServicesHandler/MODLAUNCHER]: Found transformer service: fml: /
[25May2025 01:12:19.933] [src.main/DEBUG] [cpw.mods.modlauncher.TransformationServicesHandler/MODLAUNCHER]: Found transformer service: mixin: /
[25May2025 01:12:19.933] [src.main/DEBUG] [cpw.mods.modlauncher.TransformationServicesHandler/MODLAUNCHER]: Transformation services loading
[25May2025 01:12:19.934] [src.main/DEBUG] [cpw.mods.modlauncher.TransformationServiceDecorator/MODLAUNCHER]: Loading service mixin
[25May2025 01:12:19.934] [src.main/DEBUG] [cpw.mods.modlauncher.TransformationServiceDecorator/MODLAUNCHER]: Loaded service mixin
[25May2025 01:12:19.934] [src.main/DEBUG] [cpw.mods.modlauncher.TransformationServiceDecorator/MODLAUNCHER]: Loading service fml
[25May2025 01:12:19.944] [src.main/DEBUG] [net.minecraftforge.fml.loading.FMLLoader/CORE]: Detected version data : VersionInfo[forgeVersion=52.1.0, mcVersion=1.21.1, mcpVersion=20240808.132146, forgeGroup=net.minecraftforge]
[25May2025 01:12:19.945] [src.main/DEBUG] [net.minecraftforge.fml.loading.LauncherVersion/CORE]: Found FMLLauncher version 52.1.0
[25May2025 01:12:19.946] [src.main/DEBUG] [net.minecraftforge.fml.loading.FMLLoader/CORE]: FML 52.1.0 loading
[25May2025 01:12:19.946] [src.main/DEBUG] [net.minecraftforge.fml.loading.FMLLoader/CORE]: Requesting CoreMods to not apply the fix for ASMAPI.findFirstInstructionBefore by default
[25May2025 01:12:19.946] [src.main/DEBUG] [net.minecraftforge.fml.loading.FMLLoader/CORE]: Found ModLauncher version: 10.2.4
[25May2025 01:12:19.947] [src.main/DEBUG] [net.minecraftforge.fml.loading.FMLLoader/CORE]: Found AccessTransformer version: 8.2.2
[25May2025 01:12:19.947] [src.main/DEBUG] [net.minecraftforge.fml.loading.FMLLoader/CORE]: Found EventBus version: 6.2.27
[25May2025 01:12:19.947] [src.main/DEBUG] [net.minecraftforge.fml.loading.FMLLoader/CORE]: Found RuntimeDistCleaner version: 52.1.0
[25May2025 01:12:19.949] [src.main/DEBUG] [net.minecraftforge.coremod.CoreModEngine/]: CoreMods will preserve legacy behavior of ASMAPI.findFirstInstructionBefore for backwards-compatibility
[25May2025 01:12:19.949] [src.main/DEBUG] [net.minecraftforge.fml.loading.FMLLoader/CORE]: FML found CoreMod version : 5.2.6
[25May2025 01:12:19.949] [src.main/DEBUG] [net.minecraftforge.fml.loading.FMLLoader/CORE]: Found ForgeSPI version: 7.1.5
[25May2025 01:12:19.950] [src.main/DEBUG] [cpw.mods.modlauncher.TransformationServiceDecorator/MODLAUNCHER]: Loaded service fml
[25May2025 01:12:19.950] [src.main/DEBUG] [cpw.mods.modlauncher.TransformationServicesHandler/MODLAUNCHER]: Configuring option handling for services
[25May2025 01:12:19.955] [src.main/DEBUG] [cpw.mods.modlauncher.TransformationServicesHandler/MODLAUNCHER]: Transformation services initializing
[25May2025 01:12:19.956] [src.main/DEBUG] [cpw.mods.modlauncher.TransformationServiceDecorator/MODLAUNCHER]: Initializing transformation service mixin
[25May2025 01:12:20.005] [src.main/DEBUG] [mixin/]: MixinService [ModLauncher] was successfully booted in SecureModuleClassLoader[SECURE-BOOTSTRAP]@1800031768
[25May2025 01:12:20.024] [src.main/INFO] [mixin/]: SpongePowered MIXIN Subsystem Version=0.8.7 Source=jar:file:///C:/Users/ultim/.gradle/caches/modules-2/files-2.1/org.spongepowered/mixin/0.8.7/8ab114ac385e6dbdad5efafe28aba4df8120915f/mixin-0.8.7.jar!/ Service=ModLauncher Env=UNKNOWN
[25May2025 01:12:20.027] [src.main/DEBUG] [mixin/]: Initialising Mixin Platform Manager
[25May2025 01:12:20.028] [src.main/DEBUG] [mixin/]: Adding mixin platform agents for container ModLauncher Root Container(ModLauncher:4f56a0a2)
[25May2025 01:12:20.028] [src.main/DEBUG] [mixin/]: Instancing new MixinPlatformAgentMinecraftForge for ModLauncher Root Container(ModLauncher:4f56a0a2)
[25May2025 01:12:20.029] [src.main/DEBUG] [mixin/]: MixinPlatformAgentMinecraftForge rejected container ModLauncher Root Container(ModLauncher:4f56a0a2)
[25May2025 01:12:20.029] [src.main/DEBUG] [mixin/]: Instancing new MixinPlatformAgentDefault for ModLauncher Root Container(ModLauncher:4f56a0a2)
[25May2025 01:12:20.030] [src.main/DEBUG] [mixin/]: MixinPlatformAgentDefault accepted container ModLauncher Root Container(ModLauncher:4f56a0a2)
[25May2025 01:12:20.032] [src.main/DEBUG] [cpw.mods.modlauncher.TransformationServiceDecorator/MODLAUNCHER]: Initialized transformation service mixin
[25May2025 01:12:20.032] [src.main/DEBUG] [cpw.mods.modlauncher.TransformationServiceDecorator/MODLAUNCHER]: Initializing transformation service fml
[25May2025 01:12:20.032] [src.main/DEBUG] [net.minecraftforge.fml.loading.FMLServiceProvider/CORE]: Setting up basic FML game directories
[25May2025 01:12:20.034] [src.main/DEBUG] [net.minecraftforge.fml.loading.FMLPaths/CORE]: Path GAMEDIR is C:\Users\ultim\Desktop\Minecraft mod projects\BetterMusicDiscs 1.21.1\run-data
[25May2025 01:12:20.034] [src.main/DEBUG] [net.minecraftforge.fml.loading.FMLPaths/CORE]: Path MODSDIR is C:\Users\ultim\Desktop\Minecraft mod projects\BetterMusicDiscs 1.21.1\run-data\mods
[25May2025 01:12:20.035] [src.main/DEBUG] [net.minecraftforge.fml.loading.FMLPaths/CORE]: Path CONFIGDIR is C:\Users\ultim\Desktop\Minecraft mod projects\BetterMusicDiscs 1.21.1\run-data\config
[25May2025 01:12:20.035] [src.main/DEBUG] [net.minecraftforge.fml.loading.FMLPaths/CORE]: Path FMLCONFIG is C:\Users\ultim\Desktop\Minecraft mod projects\BetterMusicDiscs 1.21.1\run-data\config\fml.toml
[25May2025 01:12:20.035] [src.main/DEBUG] [net.minecraftforge.fml.loading.FMLServiceProvider/CORE]: Loading configuration
[25May2025 01:12:20.052] [src.main/DEBUG] [net.minecraftforge.fml.loading.FMLServiceProvider/CORE]: Preparing ModFile
[25May2025 01:12:20.055] [src.main/DEBUG] [net.minecraftforge.fml.loading.FMLServiceProvider/CORE]: Preparing launch handler
[25May2025 01:12:20.056] [src.main/DEBUG] [net.minecraftforge.fml.loading.FMLLoader/CORE]: Using forge_userdev_data as launch service
[25May2025 01:12:20.065] [src.main/DEBUG] [cpw.mods.modlauncher.TransformationServiceDecorator/MODLAUNCHER]: Initialized transformation service fml
[25May2025 01:12:20.065] [src.main/DEBUG] [cpw.mods.modlauncher.NameMappingServiceHandler/MODLAUNCHER]: Current naming domain is 'mcp'
[25May2025 01:12:20.066] [src.main/DEBUG] [cpw.mods.modlauncher.NameMappingServiceHandler/MODLAUNCHER]: Identified name mapping providers {srg=net.minecraftforge.fml.loading.MCPNamingService@6b04acb2}
[25May2025 01:12:20.066] [src.main/DEBUG] [cpw.mods.modlauncher.TransformationServicesHandler/MODLAUNCHER]: Transformation services begin scanning
[25May2025 01:12:20.067] [src.main/DEBUG] [cpw.mods.modlauncher.TransformationServiceDecorator/MODLAUNCHER]: Beginning scan trigger - transformation service mixin
[25May2025 01:12:20.068] [src.main/DEBUG] [cpw.mods.modlauncher.TransformationServiceDecorator/MODLAUNCHER]: End scan trigger - transformation service mixin
[25May2025 01:12:20.068] [src.main/DEBUG] [cpw.mods.modlauncher.TransformationServiceDecorator/MODLAUNCHER]: Beginning scan trigger - transformation service fml
[25May2025 01:12:20.068] [src.main/DEBUG] [net.minecraftforge.fml.loading.FMLServiceProvider/CORE]: Initiating mod scan
[25May2025 01:12:20.080] [src.main/DEBUG] [net.minecraftforge.fml.loading.moddiscovery.ModDiscoverer/CORE]: Found Mod Locators : (mods folder:null),(minecraft:null),(classpath:null),(forge_dev_locator:null),(forge_userdev_locator:null)
[25May2025 01:12:20.081] [src.main/DEBUG] [net.minecraftforge.fml.loading.moddiscovery.ModDiscoverer/CORE]: Found Dependency Locators : (JarInJar:null)
[25May2025 01:12:20.652] [src.main/DEBUG] [net.minecraftforge.fml.loading.moddiscovery.ModFileInfo/LOADING]: Found valid mod file  with {minecraft} mods - versions {1.21.1}
[25May2025 01:12:20.905] [src.main/DEBUG] [net.minecraftforge.fml.loading.moddiscovery.ModFileParser/LOADING]: Considering mod file candidate C:\Users\ultim\.gradle\caches\modules-2\files-2.1\mezz.jei\jei-1.21.1-forge\19.21.1.304\68bece0672518af355e73f8927858d9058460a80\jei-1.21.1-forge-19.21.1.304.jar
[25May2025 01:12:20.997] [src.main/DEBUG] [net.minecraftforge.fml.loading.moddiscovery.ModFileInfo/LOADING]: Found valid mod file jei-1.21.1-forge-19.21.1.304.jar with {jei} mods - versions {19.21.1.304}
[25May2025 01:12:21.024] [src.main/DEBUG] [net.minecraftforge.fml.loading.moddiscovery.ModFileParser/LOADING]: Considering mod file candidate C:\Users\ultim\Desktop\Minecraft mod projects\BetterMusicDiscs 1.21.1\build\sourcesSets\src.main
[25May2025 01:12:21.025] [src.main/DEBUG] [net.minecraftforge.fml.loading.moddiscovery.ModFileInfo/LOADING]: Found valid mod file src.main with {betterdiscs} mods - versions {1.0.1}
[25May2025 01:12:21.158] [src.main/DEBUG] [net.minecraftforge.fml.loading.moddiscovery.ModFileParser/LOADING]: Considering mod file candidate /
[25May2025 01:12:21.159] [src.main/DEBUG] [net.minecraftforge.fml.loading.moddiscovery.ModFileInfo/LOADING]: Found valid mod file  with {forge} mods - versions {52.1.0}
[25May2025 01:12:21.182] [src.main/DEBUG] [net.minecraftforge.fml.loading.moddiscovery.JarInJarDependencyLocator/]: Failed to load resource META-INF\jarjar\metadata.json from , it does not contain dependency information.
[25May2025 01:12:21.183] [src.main/DEBUG] [net.minecraftforge.fml.loading.moddiscovery.JarInJarDependencyLocator/]: Failed to load resource META-INF\jarjar\metadata.json from , it does not contain dependency information.
[25May2025 01:12:21.183] [src.main/DEBUG] [net.minecraftforge.fml.loading.moddiscovery.JarInJarDependencyLocator/]: Failed to load resource META-INF\jarjar\metadata.json from javafmllanguage-1.21.1-52.1.0.jar, it does not contain dependency information.
[25May2025 01:12:21.184] [src.main/DEBUG] [net.minecraftforge.fml.loading.moddiscovery.JarInJarDependencyLocator/]: Failed to load resource META-INF\jarjar\metadata.json from lowcodelanguage-1.21.1-52.1.0.jar, it does not contain dependency information.
[25May2025 01:12:21.184] [src.main/DEBUG] [net.minecraftforge.fml.loading.moddiscovery.JarInJarDependencyLocator/]: Failed to load resource META-INF\jarjar\metadata.json from mclanguage-1.21.1-52.1.0.jar, it does not contain dependency information.
[25May2025 01:12:21.185] [src.main/DEBUG] [net.minecraftforge.fml.loading.moddiscovery.JarInJarDependencyLocator/]: Failed to load resource META-INF\jarjar\metadata.json from fmlcore-1.21.1-52.1.0.jar, it does not contain dependency information.
[25May2025 01:12:21.185] [src.main/DEBUG] [net.minecraftforge.fml.loading.moddiscovery.JarInJarDependencyLocator/]: Failed to load resource META-INF\jarjar\metadata.json from src.main, it does not contain dependency information.
[25May2025 01:12:21.185] [src.main/DEBUG] [net.minecraftforge.fml.loading.moddiscovery.JarInJarDependencyLocator/]: Failed to load resource META-INF\jarjar\metadata.json from jei-1.21.1-forge-19.21.1.304.jar, it does not contain dependency information.
[25May2025 01:12:21.284] [src.main/INFO] [net.minecraftforge.fml.loading.moddiscovery.JarInJarDependencyLocator/]: No dependencies to load found. Skipping!
[25May2025 01:12:21.290] [src.main/DEBUG] [net.minecraftforge.fml.loading.moddiscovery.ModFileInfo/LOADING]: Found valid mod file  with {minecraft} mods - versions {1.21.1}
[25May2025 01:12:21.294] [src.main/DEBUG] [net.minecraftforge.fml.loading.moddiscovery.ModFile/LOADING]: Loading mod file / with languages [LanguageSpec[languageName=minecraft, acceptedVersions=1]]
[25May2025 01:12:21.296] [src.main/DEBUG] [net.minecraftforge.fml.loading.moddiscovery.ModFileParser/LOADING]: Considering mod file candidate /
[25May2025 01:12:21.298] [src.main/DEBUG] [net.minecraftforge.fml.loading.moddiscovery.ModFileInfo/LOADING]: Found valid mod file  with {forge} mods - versions {52.1.0}
[25May2025 01:12:21.299] [src.main/DEBUG] [net.minecraftforge.fml.loading.moddiscovery.ModFile/LOADING]: Loading mod file / with languages [LanguageSpec[languageName=javafml, acceptedVersions=[24,]]]
[25May2025 01:12:21.317] [src.main/DEBUG] [net.minecraftforge.fml.loading.moddiscovery.ModFileParser/LOADING]: Found coremod field_to_method with Javascript path coremods/field_to_method.js
[25May2025 01:12:21.318] [src.main/DEBUG] [net.minecraftforge.fml.loading.moddiscovery.ModFileParser/LOADING]: Found coremod method_redirector with Javascript path coremods/method_redirector.js
[25May2025 01:12:21.318] [src.main/DEBUG] [net.minecraftforge.fml.loading.moddiscovery.ModFile/LOADING]: Found coremod /coremods/field_to_method.js
[25May2025 01:12:21.318] [src.main/DEBUG] [net.minecraftforge.fml.loading.moddiscovery.ModFile/LOADING]: Found coremod /coremods/method_redirector.js
[25May2025 01:12:21.318] [src.main/DEBUG] [net.minecraftforge.fml.loading.moddiscovery.ModFileParser/LOADING]: Considering mod file candidate C:\Users\ultim\.gradle\caches\modules-2\files-2.1\mezz.jei\jei-1.21.1-forge\19.21.1.304\68bece0672518af355e73f8927858d9058460a80\jei-1.21.1-forge-19.21.1.304.jar
[25May2025 01:12:21.321] [src.main/DEBUG] [net.minecraftforge.fml.loading.moddiscovery.ModFileInfo/LOADING]: Found valid mod file jei-1.21.1-forge-19.21.1.304.jar with {jei} mods - versions {19.21.1.304}
[25May2025 01:12:21.321] [src.main/DEBUG] [net.minecraftforge.fml.loading.moddiscovery.ModFile/LOADING]: Loading mod file C:\Users\ultim\.gradle\caches\modules-2\files-2.1\mezz.jei\jei-1.21.1-forge\19.21.1.304\68bece0672518af355e73f8927858d9058460a80\jei-1.21.1-forge-19.21.1.304.jar with languages [LanguageSpec[languageName=javafml, acceptedVersions=[51,)]]
[25May2025 01:12:21.321] [src.main/DEBUG] [net.minecraftforge.fml.loading.moddiscovery.ModFileParser/LOADING]: Considering mod file candidate C:\Users\ultim\Desktop\Minecraft mod projects\BetterMusicDiscs 1.21.1\build\sourcesSets\src.main
[25May2025 01:12:21.325] [src.main/DEBUG] [net.minecraftforge.fml.loading.moddiscovery.ModFileInfo/LOADING]: Found valid mod file src.main with {betterdiscs} mods - versions {1.0.1}
[25May2025 01:12:21.325] [src.main/DEBUG] [net.minecraftforge.fml.loading.moddiscovery.ModFile/LOADING]: Loading mod file C:\Users\ultim\Desktop\Minecraft mod projects\BetterMusicDiscs 1.21.1\build\sourcesSets\src.main with languages [LanguageSpec[languageName=javafml, acceptedVersions=[52,)]]
[25May2025 01:12:21.328] [src.main/DEBUG] [cpw.mods.modlauncher.TransformationServiceDecorator/MODLAUNCHER]: End scan trigger - transformation service fml
[25May2025 01:12:21.353] [src.main/DEBUG] [net.minecraftforge.fml.loading.LanguageLoadingProvider/CORE]: Found 3 language providers
[25May2025 01:12:21.353] [src.main/DEBUG] [net.minecraftforge.fml.loading.LanguageLoadingProvider/CORE]: Found language provider lowcodefml, version 52
[25May2025 01:12:21.354] [src.main/DEBUG] [net.minecraftforge.fml.loading.LanguageLoadingProvider/CORE]: Found language provider minecraft, version 1.0
[25May2025 01:12:21.355] [src.main/DEBUG] [net.minecraftforge.fml.loading.LanguageLoadingProvider/CORE]: Found language provider javafml, version 52.1.0
[25May2025 01:12:21.358] [src.main/DEBUG] [net.minecraftforge.fml.loading.ModSorter/]: Configured system mods: [minecraft, forge]
[25May2025 01:12:21.359] [src.main/DEBUG] [net.minecraftforge.fml.loading.ModSorter/]: Found system mod: minecraft
[25May2025 01:12:21.359] [src.main/DEBUG] [net.minecraftforge.fml.loading.ModSorter/]: Found system mod: forge
[25May2025 01:12:21.449] [src.main/DEBUG] [net.minecraftforge.fml.loading.ModSorter/LOADING]: Found 4 mod requirements (4 mandatory, 0 optional)
[25May2025 01:12:21.450] [src.main/DEBUG] [net.minecraftforge.fml.loading.ModSorter/LOADING]: Found 0 mod requirements missing (0 mandatory, 0 optional)
[25May2025 01:12:21.704] [src.main/DEBUG] [net.minecraftforge.fml.loading.MCPNamingService/CORE]: Loaded 39718 method mappings from methods.csv
[25May2025 01:12:21.732] [src.main/DEBUG] [net.minecraftforge.fml.loading.MCPNamingService/CORE]: Loaded 35630 field mappings from fields.csv
[25May2025 01:12:21.753] [src.main/DEBUG] [cpw.mods.modlauncher.TransformationServicesHandler/MODLAUNCHER]: Transformation services loading transformers
[25May2025 01:12:21.753] [src.main/DEBUG] [cpw.mods.modlauncher.TransformationServiceDecorator/MODLAUNCHER]: Initializing transformers for transformation service mixin
[25May2025 01:12:21.754] [src.main/DEBUG] [cpw.mods.modlauncher.TransformationServiceDecorator/MODLAUNCHER]: Initialized transformers for transformation service mixin
[25May2025 01:12:21.754] [src.main/DEBUG] [cpw.mods.modlauncher.TransformationServiceDecorator/MODLAUNCHER]: Initializing transformers for transformation service fml
[25May2025 01:12:21.754] [src.main/DEBUG] [net.minecraftforge.fml.loading.FMLServiceProvider/CORE]: Loading coremod transformers
[25May2025 01:12:21.754] [src.main/DEBUG] [net.minecraftforge.coremod.CoreModEngine/COREMOD]: Loading CoreMod from /coremods/field_to_method.js
[25May2025 01:12:22.070] [src.main/DEBUG] [net.minecraftforge.coremod.CoreModEngine/COREMOD]: CoreMod loaded successfully
[25May2025 01:12:22.072] [src.main/DEBUG] [net.minecraftforge.coremod.CoreModEngine/COREMOD]: Loading CoreMod from /coremods/method_redirector.js
[25May2025 01:12:22.253] [src.main/DEBUG] [net.minecraftforge.coremod.CoreModEngine/COREMOD]: CoreMod loaded successfully
[25May2025 01:12:22.265] [src.main/DEBUG] [cpw.mods.modlauncher.TransformStore/MODLAUNCHER]: Adding transformer net.minecraftforge.coremod.transformer.CoreModClassTransformer@3902bd2c to Target : CLASS {Lnet/minecraft/world/level/biome/Biome;} {} {V}
[25May2025 01:12:22.266] [src.main/DEBUG] [cpw.mods.modlauncher.TransformStore/MODLAUNCHER]: Adding transformer net.minecraftforge.coremod.transformer.CoreModClassTransformer@2935fd2c to Target : CLASS {Lnet/minecraft/world/effect/MobEffectInstance;} {} {V}
[25May2025 01:12:22.266] [src.main/DEBUG] [cpw.mods.modlauncher.TransformStore/MODLAUNCHER]: Adding transformer net.minecraftforge.coremod.transformer.CoreModClassTransformer@3f018494 to Target : CLASS {Lnet/minecraft/world/level/block/LiquidBlock;} {} {V}
[25May2025 01:12:22.267] [src.main/DEBUG] [cpw.mods.modlauncher.TransformStore/MODLAUNCHER]: Adding transformer net.minecraftforge.coremod.transformer.CoreModClassTransformer@3ce443f9 to Target : CLASS {Lnet/minecraft/world/item/BucketItem;} {} {V}
[25May2025 01:12:22.267] [src.main/DEBUG] [cpw.mods.modlauncher.TransformStore/MODLAUNCHER]: Adding transformer net.minecraftforge.coremod.transformer.CoreModClassTransformer@57fbc06f to Target : CLASS {Lnet/minecraft/world/level/block/FlowerPotBlock;} {} {V}
[25May2025 01:12:22.267] [src.main/DEBUG] [cpw.mods.modlauncher.TransformStore/MODLAUNCHER]: Adding transformer net.minecraftforge.coremod.transformer.CoreModClassTransformer@51a18b21 to Target : CLASS {Lnet/minecraft/world/level/NaturalSpawner;} {} {V}
[25May2025 01:12:22.267] [src.main/DEBUG] [cpw.mods.modlauncher.TransformStore/MODLAUNCHER]: Adding transformer net.minecraftforge.coremod.transformer.CoreModClassTransformer@51a18b21 to Target : CLASS {Lnet/minecraft/server/commands/SummonCommand;} {} {V}
[25May2025 01:12:22.267] [src.main/DEBUG] [cpw.mods.modlauncher.TransformStore/MODLAUNCHER]: Adding transformer net.minecraftforge.coremod.transformer.CoreModClassTransformer@51a18b21 to Target : CLASS {Lnet/minecraft/world/level/levelgen/PhantomSpawner;} {} {V}
[25May2025 01:12:22.267] [src.main/DEBUG] [cpw.mods.modlauncher.TransformStore/MODLAUNCHER]: Adding transformer net.minecraftforge.coremod.transformer.CoreModClassTransformer@51a18b21 to Target : CLASS {Lnet/minecraft/world/level/levelgen/structure/structures/WoodlandMansionPieces$WoodlandMansionPiece;} {} {V}
[25May2025 01:12:22.268] [src.main/DEBUG] [cpw.mods.modlauncher.TransformStore/MODLAUNCHER]: Adding transformer net.minecraftforge.coremod.transformer.CoreModClassTransformer@51a18b21 to Target : CLASS {Lnet/minecraft/world/level/levelgen/PatrolSpawner;} {} {V}
[25May2025 01:12:22.268] [src.main/DEBUG] [cpw.mods.modlauncher.TransformStore/MODLAUNCHER]: Adding transformer net.minecraftforge.coremod.transformer.CoreModClassTransformer@51a18b21 to Target : CLASS {Lnet/minecraft/world/level/levelgen/structure/structures/OceanRuinPieces$OceanRuinPiece;} {} {V}
[25May2025 01:12:22.268] [src.main/DEBUG] [cpw.mods.modlauncher.TransformStore/MODLAUNCHER]: Adding transformer net.minecraftforge.coremod.transformer.CoreModClassTransformer@51a18b21 to Target : CLASS {Lnet/minecraft/server/commands/RaidCommand;} {} {V}
[25May2025 01:12:22.269] [src.main/DEBUG] [cpw.mods.modlauncher.TransformStore/MODLAUNCHER]: Adding transformer net.minecraftforge.coremod.transformer.CoreModClassTransformer@51a18b21 to Target : CLASS {Lnet/minecraft/world/entity/npc/CatSpawner;} {} {V}
[25May2025 01:12:22.269] [src.main/DEBUG] [cpw.mods.modlauncher.TransformStore/MODLAUNCHER]: Adding transformer net.minecraftforge.coremod.transformer.CoreModClassTransformer@51a18b21 to Target : CLASS {Lnet/minecraft/world/entity/EntityType;} {} {V}
[25May2025 01:12:22.269] [src.main/DEBUG] [cpw.mods.modlauncher.TransformStore/MODLAUNCHER]: Adding transformer net.minecraftforge.coremod.transformer.CoreModClassTransformer@51a18b21 to Target : CLASS {Lnet/minecraft/world/entity/monster/Strider;} {} {V}
[25May2025 01:12:22.269] [src.main/DEBUG] [cpw.mods.modlauncher.TransformStore/MODLAUNCHER]: Adding transformer net.minecraftforge.coremod.transformer.CoreModClassTransformer@51a18b21 to Target : CLASS {Lnet/minecraft/world/level/block/entity/trialspawner/TrialSpawner;} {} {V}
[25May2025 01:12:22.269] [src.main/DEBUG] [cpw.mods.modlauncher.TransformStore/MODLAUNCHER]: Adding transformer net.minecraftforge.coremod.transformer.CoreModClassTransformer@51a18b21 to Target : CLASS {Lnet/minecraft/world/level/levelgen/structure/templatesystem/StructureTemplate;} {} {V}
[25May2025 01:12:22.269] [src.main/DEBUG] [cpw.mods.modlauncher.TransformStore/MODLAUNCHER]: Adding transformer net.minecraftforge.coremod.transformer.CoreModClassTransformer@51a18b21 to Target : CLASS {Lnet/minecraft/world/entity/monster/Evoker$EvokerSummonSpellGoal;} {} {V}
[25May2025 01:12:22.269] [src.main/DEBUG] [cpw.mods.modlauncher.TransformStore/MODLAUNCHER]: Adding transformer net.minecraftforge.coremod.transformer.CoreModClassTransformer@51a18b21 to Target : CLASS {Lnet/minecraft/world/entity/ai/village/VillageSiege;} {} {V}
[25May2025 01:12:22.270] [src.main/DEBUG] [cpw.mods.modlauncher.TransformStore/MODLAUNCHER]: Adding transformer net.minecraftforge.coremod.transformer.CoreModClassTransformer@51a18b21 to Target : CLASS {Lnet/minecraft/world/level/levelgen/structure/structures/SwampHutPiece;} {} {V}
[25May2025 01:12:22.270] [src.main/DEBUG] [cpw.mods.modlauncher.TransformStore/MODLAUNCHER]: Adding transformer net.minecraftforge.coremod.transformer.CoreModClassTransformer@51a18b21 to Target : CLASS {Lnet/minecraft/world/entity/animal/frog/Tadpole;} {} {V}
[25May2025 01:12:22.270] [src.main/DEBUG] [cpw.mods.modlauncher.TransformStore/MODLAUNCHER]: Adding transformer net.minecraftforge.coremod.transformer.CoreModClassTransformer@51a18b21 to Target : CLASS {Lnet/minecraft/world/entity/animal/horse/SkeletonTrapGoal;} {} {V}
[25May2025 01:12:22.270] [src.main/DEBUG] [cpw.mods.modlauncher.TransformStore/MODLAUNCHER]: Adding transformer net.minecraftforge.coremod.transformer.CoreModClassTransformer@51a18b21 to Target : CLASS {Lnet/minecraft/world/entity/raid/Raid;} {} {V}
[25May2025 01:12:22.270] [src.main/DEBUG] [cpw.mods.modlauncher.TransformStore/MODLAUNCHER]: Adding transformer net.minecraftforge.coremod.transformer.CoreModClassTransformer@51a18b21 to Target : CLASS {Lnet/minecraft/world/entity/npc/Villager;} {} {V}
[25May2025 01:12:22.270] [src.main/DEBUG] [cpw.mods.modlauncher.TransformStore/MODLAUNCHER]: Adding transformer net.minecraftforge.coremod.transformer.CoreModClassTransformer@51a18b21 to Target : CLASS {Lnet/minecraft/world/entity/monster/Zombie;} {} {V}
[25May2025 01:12:22.270] [src.main/DEBUG] [cpw.mods.modlauncher.TransformStore/MODLAUNCHER]: Adding transformer net.minecraftforge.coremod.transformer.CoreModClassTransformer@51a18b21 to Target : CLASS {Lnet/minecraft/world/entity/monster/ZombieVillager;} {} {V}
[25May2025 01:12:22.270] [src.main/DEBUG] [cpw.mods.modlauncher.TransformStore/MODLAUNCHER]: Adding transformer net.minecraftforge.coremod.transformer.CoreModClassTransformer@51a18b21 to Target : CLASS {Lnet/minecraft/world/entity/monster/Spider;} {} {V}
[25May2025 01:12:22.271] [src.main/DEBUG] [cpw.mods.modlauncher.TransformStore/MODLAUNCHER]: Adding transformer net.minecraftforge.coremod.transformer.CoreModClassTransformer@51a18b21 to Target : CLASS {Lnet/minecraft/world/level/levelgen/structure/structures/OceanMonumentPieces$OceanMonumentPiece;} {} {V}
[25May2025 01:12:22.271] [src.main/DEBUG] [cpw.mods.modlauncher.TransformationServiceDecorator/MODLAUNCHER]: Initialized transformers for transformation service fml
[25May2025 01:12:22.327] [src.main/DEBUG] [mixin/]: Processing prepare() for PlatformAgent[MixinPlatformAgentDefault:ModLauncher Root Container(ModLauncher:4f56a0a2)]
[25May2025 01:12:22.328] [src.main/DEBUG] [mixin/]: Registering mixin config: betterdiscs.mixins.json source=null
[25May2025 01:12:22.350] [src.main/DEBUG] [mixin/]: Compatibility level JAVA_21 specified by betterdiscs.mixins.json is higher than the maximum level supported by this version of mixin (JAVA_13).
[25May2025 01:12:22.354] [src.main/INFO] [mixin/]: Compatibility level set to JAVA_21
[25May2025 01:12:22.355] [src.main/DEBUG] [mixin/]: Processing launch tasks for PlatformAgent[MixinPlatformAgentDefault:ModLauncher Root Container(ModLauncher:4f56a0a2)]
[25May2025 01:12:22.355] [src.main/DEBUG] [mixin/]: Adding mixin platform agents for container SecureJarResource(mixin.synthetic)
[25May2025 01:12:22.355] [src.main/DEBUG] [mixin/]: Instancing new MixinPlatformAgentMinecraftForge for SecureJarResource(mixin.synthetic)
[25May2025 01:12:22.356] [src.main/DEBUG] [mixin/]: MixinPlatformAgentMinecraftForge rejected container SecureJarResource(mixin.synthetic)
[25May2025 01:12:22.356] [src.main/DEBUG] [mixin/]: Instancing new MixinPlatformAgentDefault for SecureJarResource(mixin.synthetic)
[25May2025 01:12:22.356] [src.main/DEBUG] [mixin/]: MixinPlatformAgentDefault accepted container SecureJarResource(mixin.synthetic)
[25May2025 01:12:22.356] [src.main/DEBUG] [mixin/]: Processing prepare() for PlatformAgent[MixinPlatformAgentDefault:SecureJarResource(mixin.synthetic)]
[25May2025 01:12:22.356] [src.main/DEBUG] [mixin/]: Adding mixin platform agents for container SecureJarResource(minecraft)
[25May2025 01:12:22.356] [src.main/DEBUG] [mixin/]: Instancing new MixinPlatformAgentMinecraftForge for SecureJarResource(minecraft)
[25May2025 01:12:22.357] [src.main/DEBUG] [mixin/]: MixinPlatformAgentMinecraftForge rejected container SecureJarResource(minecraft)
[25May2025 01:12:22.357] [src.main/DEBUG] [mixin/]: Instancing new MixinPlatformAgentDefault for SecureJarResource(minecraft)
[25May2025 01:12:22.357] [src.main/DEBUG] [mixin/]: MixinPlatformAgentDefault accepted container SecureJarResource(minecraft)
[25May2025 01:12:22.357] [src.main/DEBUG] [mixin/]: Processing prepare() for PlatformAgent[MixinPlatformAgentDefault:SecureJarResource(minecraft)]
[25May2025 01:12:22.357] [src.main/DEBUG] [mixin/]: Adding mixin platform agents for container SecureJarResource(net.minecraftforge.forge)
[25May2025 01:12:22.357] [src.main/DEBUG] [mixin/]: Instancing new MixinPlatformAgentMinecraftForge for SecureJarResource(net.minecraftforge.forge)
[25May2025 01:12:22.357] [src.main/DEBUG] [mixin/]: MixinPlatformAgentMinecraftForge rejected container SecureJarResource(net.minecraftforge.forge)
[25May2025 01:12:22.357] [src.main/DEBUG] [mixin/]: Instancing new MixinPlatformAgentDefault for SecureJarResource(net.minecraftforge.forge)
[25May2025 01:12:22.357] [src.main/DEBUG] [mixin/]: MixinPlatformAgentDefault accepted container SecureJarResource(net.minecraftforge.forge)
[25May2025 01:12:22.358] [src.main/DEBUG] [mixin/]: Processing prepare() for PlatformAgent[MixinPlatformAgentDefault:SecureJarResource(net.minecraftforge.forge)]
[25May2025 01:12:22.358] [src.main/DEBUG] [mixin/]: Adding mixin platform agents for container SecureJarResource(betterdiscs)
[25May2025 01:12:22.358] [src.main/DEBUG] [mixin/]: Instancing new MixinPlatformAgentMinecraftForge for SecureJarResource(betterdiscs)
[25May2025 01:12:22.358] [src.main/DEBUG] [mixin/]: MixinPlatformAgentMinecraftForge rejected container SecureJarResource(betterdiscs)
[25May2025 01:12:22.358] [src.main/DEBUG] [mixin/]: Instancing new MixinPlatformAgentDefault for SecureJarResource(betterdiscs)
[25May2025 01:12:22.358] [src.main/DEBUG] [mixin/]: MixinPlatformAgentDefault accepted container SecureJarResource(betterdiscs)
[25May2025 01:12:22.358] [src.main/DEBUG] [mixin/]: Processing prepare() for PlatformAgent[MixinPlatformAgentDefault:SecureJarResource(betterdiscs)]
[25May2025 01:12:22.358] [src.main/DEBUG] [mixin/]: Adding mixin platform agents for container SecureJarResource(jei)
[25May2025 01:12:22.358] [src.main/DEBUG] [mixin/]: Instancing new MixinPlatformAgentMinecraftForge for SecureJarResource(jei)
[25May2025 01:12:22.358] [src.main/DEBUG] [mixin/]: MixinPlatformAgentMinecraftForge rejected container SecureJarResource(jei)
[25May2025 01:12:22.358] [src.main/DEBUG] [mixin/]: Instancing new MixinPlatformAgentDefault for SecureJarResource(jei)
[25May2025 01:12:22.359] [src.main/DEBUG] [mixin/]: MixinPlatformAgentDefault accepted container SecureJarResource(jei)
[25May2025 01:12:22.359] [src.main/DEBUG] [mixin/]: Processing prepare() for PlatformAgent[MixinPlatformAgentDefault:SecureJarResource(jei)]
[25May2025 01:12:22.359] [src.main/DEBUG] [mixin/]: inject() running with 6 agents
[25May2025 01:12:22.359] [src.main/DEBUG] [mixin/]: Processing inject() for PlatformAgent[MixinPlatformAgentDefault:ModLauncher Root Container(ModLauncher:4f56a0a2)]
[25May2025 01:12:22.359] [src.main/DEBUG] [mixin/]: Processing inject() for PlatformAgent[MixinPlatformAgentDefault:SecureJarResource(mixin.synthetic)]
[25May2025 01:12:22.359] [src.main/DEBUG] [mixin/]: Processing inject() for PlatformAgent[MixinPlatformAgentDefault:SecureJarResource(minecraft)]
[25May2025 01:12:22.360] [src.main/DEBUG] [mixin/]: Processing inject() for PlatformAgent[MixinPlatformAgentDefault:SecureJarResource(net.minecraftforge.forge)]
[25May2025 01:12:22.360] [src.main/DEBUG] [mixin/]: Processing inject() for PlatformAgent[MixinPlatformAgentDefault:SecureJarResource(betterdiscs)]
[25May2025 01:12:22.360] [src.main/DEBUG] [mixin/]: Processing inject() for PlatformAgent[MixinPlatformAgentDefault:SecureJarResource(jei)]
[25May2025 01:12:22.360] [src.main/INFO] [cpw.mods.modlauncher.LaunchServiceHandler/MODLAUNCHER]: Launching target 'forge_userdev_data' with arguments [--gameDir, ., --assetsDir, C:\Users\ultim\.gradle\caches\forge_gradle\assets, --assetIndex, 17, --mod, betterdiscs, --all, --output, C:\Users\ultim\Desktop\Minecraft mod projects\BetterMusicDiscs 1.21.1\src\generated\resources, --existing, C:\Users\ultim\Desktop\Minecraft mod projects\BetterMusicDiscs 1.21.1\src\src.main\resources]
[25May2025 01:12:22.406] [src.main/DEBUG] [mixin/]: Preparing mixins for MixinEnvironment[DEFAULT]
[25May2025 01:12:22.407] [src.main/DEBUG] [mixin/]: Selecting config betterdiscs.mixins.json
[25May2025 01:12:22.422] [src.main/WARN] [mixin/]: Reference map 'betterdiscs.mixins.refmap.json' for betterdiscs.mixins.json could not be read. If this is a development environment you can ignore this message
[25May2025 01:12:22.424] [src.main/DEBUG] [mixin/]: Preparing betterdiscs.mixins.json (3)
[25May2025 01:12:22.508] [src.main/WARN] [mixin/]: Mixin environment was unable to detect the current side, sided mixins will not be applied
[25May2025 01:12:22.552] [src.main/DEBUG] [mixin/]: Registering new injector for @Inject with org.spongepowered.asm.mixin.injection.struct.CallbackInjectionInfo
[25May2025 01:12:22.556] [src.main/DEBUG] [mixin/]: Registering new injector for @ModifyArg with org.spongepowered.asm.mixin.injection.struct.ModifyArgInjectionInfo
[25May2025 01:12:22.558] [src.main/DEBUG] [mixin/]: Registering new injector for @ModifyArgs with org.spongepowered.asm.mixin.injection.struct.ModifyArgsInjectionInfo
[25May2025 01:12:22.561] [src.main/DEBUG] [mixin/]: Registering new injector for @Redirect with org.spongepowered.asm.mixin.injection.struct.RedirectInjectionInfo
[25May2025 01:12:22.563] [src.main/DEBUG] [mixin/]: Registering new injector for @ModifyVariable with org.spongepowered.asm.mixin.injection.struct.ModifyVariableInjectionInfo
[25May2025 01:12:22.565] [src.main/DEBUG] [mixin/]: Registering new injector for @ModifyConstant with org.spongepowered.asm.mixin.injection.struct.ModifyConstantInjectionInfo
[25May2025 01:12:22.702] [src.main/DEBUG] [io.netty.util.internal.logging.InternalLoggerFactory/]: Using SLF4J as the default logging framework
[25May2025 01:12:22.705] [src.main/DEBUG] [io.netty.util.ResourceLeakDetector/]: -Dio.netty.leakDetection.level: simple
[25May2025 01:12:22.705] [src.main/DEBUG] [io.netty.util.ResourceLeakDetector/]: -Dio.netty.leakDetection.targetRecords: 4
[25May2025 01:12:23.021] [src.main/DEBUG] [mixin/]: Mixing LevelMixin from betterdiscs.mixins.json into net.minecraft.world.level.Level
[25May2025 01:12:23.293] [src.main/DEBUG] [net.minecraftforge.coremod.transformer.CoreModBaseTransformer/COREMOD]: Transforming net/minecraft/world/entity/EntityType
[25May2025 01:12:23.793] [src.main/DEBUG] [net.minecraftforge.coremod.transformer.CoreModBaseTransformer/COREMOD]: Transforming net/minecraft/world/level/block/LiquidBlock
[25May2025 01:12:23.805] [src.main/DEBUG] [mixin/]: Mixing NoteBlockMixin from betterdiscs.mixins.json into net.minecraft.world.level.block.NoteBlock
[25May2025 01:12:23.973] [src.main/DEBUG] [net.minecraftforge.coremod.transformer.CoreModBaseTransformer/COREMOD]: Transforming net/minecraft/world/level/block/FlowerPotBlock
[25May2025 01:12:24.356] [src.main/DEBUG] [net.minecraftforge.coremod.transformer.CoreModBaseTransformer/COREMOD]: Transforming net/minecraft/world/effect/MobEffectInstance
[25May2025 01:12:24.618] [src.main/DEBUG] [mixin/]: Mixing JukeboxBlockEntityMixin from betterdiscs.mixins.json into net.minecraft.world.level.block.entity.JukeboxBlockEntity
[25May2025 01:12:24.802] [src.main/DEBUG] [net.minecraftforge.coremod.transformer.CoreModBaseTransformer/COREMOD]: Transforming net/minecraft/world/level/biome/Biome
[25May2025 01:12:25.518] [src.main/DEBUG] [net.minecraftforge.coremod.transformer.CoreModBaseTransformer/COREMOD]: Transforming net/minecraft/world/entity/animal/frog/Tadpole
[25May2025 01:12:25.584] [src.main/DEBUG] [net.minecraftforge.coremod.transformer.CoreModBaseTransformer/COREMOD]: Transforming net/minecraft/world/item/BucketItem
[25May2025 01:12:26.499] [src.main/DEBUG] [net.minecraftforge.coremod.transformer.CoreModBaseTransformer/COREMOD]: Transforming net/minecraft/world/entity/monster/Spider
[25May2025 01:12:26.560] [src.main/DEBUG] [net.minecraftforge.coremod.transformer.CoreModBaseTransformer/COREMOD]: Transforming net/minecraft/world/entity/monster/Zombie
[25May2025 01:12:26.616] [src.main/DEBUG] [net.minecraftforge.coremod.transformer.CoreModBaseTransformer/COREMOD]: Transforming net/minecraft/world/entity/monster/ZombieVillager
[25May2025 01:12:26.671] [src.main/DEBUG] [net.minecraftforge.coremod.transformer.CoreModBaseTransformer/COREMOD]: Transforming net/minecraft/world/entity/monster/Evoker$EvokerSummonSpellGoal
[25May2025 01:12:26.830] [src.main/DEBUG] [net.minecraftforge.coremod.transformer.CoreModBaseTransformer/COREMOD]: Transforming net/minecraft/world/entity/animal/horse/SkeletonTrapGoal
[25May2025 01:12:26.846] [src.main/DEBUG] [net.minecraftforge.coremod.transformer.CoreModBaseTransformer/COREMOD]: Transforming net/minecraft/world/entity/monster/Strider
[25May2025 01:12:26.895] [src.main/DEBUG] [net.minecraftforge.coremod.transformer.CoreModBaseTransformer/COREMOD]: Transforming net/minecraft/world/entity/npc/Villager
[25May2025 01:12:27.623] [src.main/DEBUG] [net.minecraftforge.coremod.transformer.CoreModBaseTransformer/COREMOD]: Transforming net/minecraft/world/level/levelgen/structure/structures/OceanRuinPieces$OceanRuinPiece
[25May2025 01:12:27.629] [src.main/DEBUG] [net.minecraftforge.coremod.transformer.CoreModBaseTransformer/COREMOD]: Transforming net/minecraft/world/level/levelgen/structure/structures/SwampHutPiece
[25May2025 01:12:27.633] [src.main/DEBUG] [net.minecraftforge.coremod.transformer.CoreModBaseTransformer/COREMOD]: Transforming net/minecraft/world/level/levelgen/structure/structures/OceanMonumentPieces$OceanMonumentPiece
[25May2025 01:12:27.642] [src.main/DEBUG] [net.minecraftforge.coremod.transformer.CoreModBaseTransformer/COREMOD]: Transforming net/minecraft/world/level/levelgen/structure/structures/WoodlandMansionPieces$WoodlandMansionPiece
[25May2025 01:12:28.028] [src.main/DEBUG] [net.minecraftforge.registries.GameData/REGISTRIES]: Creating vanilla freeze snapshot
[25May2025 01:12:28.036] [src.main/DEBUG] [net.minecraftforge.registries.ForgeRegistry/REGISTRIES]: Registry minecraft:block Sync: VANILLA -> ACTIVE
[25May2025 01:12:28.057] [src.main/DEBUG] [net.minecraftforge.registries.ForgeRegistry/REGISTRIES]: Registry minecraft:fluid Sync: VANILLA -> ACTIVE
[25May2025 01:12:28.057] [src.main/DEBUG] [net.minecraftforge.registries.ForgeRegistry/REGISTRIES]: Registry minecraft:item Sync: VANILLA -> ACTIVE
[25May2025 01:12:28.067] [src.main/DEBUG] [net.minecraftforge.registries.ForgeRegistry/REGISTRIES]: Registry minecraft:mob_effect Sync: VANILLA -> ACTIVE
[25May2025 01:12:28.067] [src.main/DEBUG] [net.minecraftforge.registries.ForgeRegistry/REGISTRIES]: Registry minecraft:sound_event Sync: VANILLA -> ACTIVE
[25May2025 01:12:28.076] [src.main/DEBUG] [net.minecraftforge.registries.ForgeRegistry/REGISTRIES]: Registry minecraft:potion Sync: VANILLA -> ACTIVE
[25May2025 01:12:28.077] [src.main/DEBUG] [net.minecraftforge.registries.ForgeRegistry/REGISTRIES]: Registry minecraft:entity_type Sync: VANILLA -> ACTIVE
[25May2025 01:12:28.078] [src.main/DEBUG] [net.minecraftforge.registries.ForgeRegistry/REGISTRIES]: Registry minecraft:block_entity_type Sync: VANILLA -> ACTIVE
[25May2025 01:12:28.078] [src.main/DEBUG] [net.minecraftforge.registries.ForgeRegistry/REGISTRIES]: Registry minecraft:particle_type Sync: VANILLA -> ACTIVE
[25May2025 01:12:28.079] [src.main/DEBUG] [net.minecraftforge.registries.ForgeRegistry/REGISTRIES]: Registry minecraft:menu Sync: VANILLA -> ACTIVE
[25May2025 01:12:28.079] [src.main/DEBUG] [net.minecraftforge.registries.ForgeRegistry/REGISTRIES]: Registry minecraft:painting_variant Sync: VANILLA -> ACTIVE
[25May2025 01:12:28.079] [src.main/DEBUG] [net.minecraftforge.registries.ForgeRegistry/REGISTRIES]: Registry minecraft:recipe_type Sync: VANILLA -> ACTIVE
[25May2025 01:12:28.079] [src.main/DEBUG] [net.minecraftforge.registries.ForgeRegistry/REGISTRIES]: Registry minecraft:recipe_serializer Sync: VANILLA -> ACTIVE
[25May2025 01:12:28.079] [src.main/DEBUG] [net.minecraftforge.registries.ForgeRegistry/REGISTRIES]: Registry minecraft:attribute Sync: VANILLA -> ACTIVE
[25May2025 01:12:28.079] [src.main/DEBUG] [net.minecraftforge.registries.ForgeRegistry/REGISTRIES]: Registry minecraft:stat_type Sync: VANILLA -> ACTIVE
[25May2025 01:12:28.080] [src.main/DEBUG] [net.minecraftforge.registries.ForgeRegistry/REGISTRIES]: Registry minecraft:command_argument_type Sync: VANILLA -> ACTIVE
[25May2025 01:12:28.080] [src.main/DEBUG] [net.minecraftforge.registries.ForgeRegistry/REGISTRIES]: Registry minecraft:data_component_type Sync: VANILLA -> ACTIVE
[25May2025 01:12:28.080] [src.main/DEBUG] [net.minecraftforge.registries.ForgeRegistry/REGISTRIES]: Registry minecraft:villager_profession Sync: VANILLA -> ACTIVE
[25May2025 01:12:28.080] [src.main/DEBUG] [net.minecraftforge.registries.ForgeRegistry/REGISTRIES]: Registry minecraft:point_of_interest_type Sync: VANILLA -> ACTIVE
[25May2025 01:12:28.082] [src.main/DEBUG] [net.minecraftforge.registries.ForgeRegistry/REGISTRIES]: Registry minecraft:memory_module_type Sync: VANILLA -> ACTIVE
[25May2025 01:12:28.083] [src.main/DEBUG] [net.minecraftforge.registries.ForgeRegistry/REGISTRIES]: Registry minecraft:sensor_type Sync: VANILLA -> ACTIVE
[25May2025 01:12:28.083] [src.main/DEBUG] [net.minecraftforge.registries.ForgeRegistry/REGISTRIES]: Registry minecraft:schedule Sync: VANILLA -> ACTIVE
[25May2025 01:12:28.083] [src.main/DEBUG] [net.minecraftforge.registries.ForgeRegistry/REGISTRIES]: Registry minecraft:activity Sync: VANILLA -> ACTIVE
[25May2025 01:12:28.083] [src.main/DEBUG] [net.minecraftforge.registries.ForgeRegistry/REGISTRIES]: Registry minecraft:worldgen/carver Sync: VANILLA -> ACTIVE
[25May2025 01:12:28.083] [src.main/DEBUG] [net.minecraftforge.registries.ForgeRegistry/REGISTRIES]: Registry minecraft:worldgen/feature Sync: VANILLA -> ACTIVE
[25May2025 01:12:28.084] [src.main/DEBUG] [net.minecraftforge.registries.ForgeRegistry/REGISTRIES]: Registry minecraft:chunk_status Sync: VANILLA -> ACTIVE
[25May2025 01:12:28.084] [src.main/DEBUG] [net.minecraftforge.registries.ForgeRegistry/REGISTRIES]: Registry minecraft:worldgen/block_state_provider_type Sync: VANILLA -> ACTIVE
[25May2025 01:12:28.084] [src.main/DEBUG] [net.minecraftforge.registries.ForgeRegistry/REGISTRIES]: Registry minecraft:worldgen/foliage_placer_type Sync: VANILLA -> ACTIVE
[25May2025 01:12:28.084] [src.main/DEBUG] [net.minecraftforge.registries.ForgeRegistry/REGISTRIES]: Registry minecraft:worldgen/tree_decorator_type Sync: VANILLA -> ACTIVE
[25May2025 01:12:28.084] [src.main/DEBUG] [net.minecraftforge.registries.ForgeRegistry/REGISTRIES]: Registry minecraft:worldgen/biome Sync: VANILLA -> ACTIVE
[25May2025 01:12:28.091] [src.main/DEBUG] [net.minecraftforge.registries.GameData/REGISTRIES]: Vanilla freeze snapshot created
[25May2025 01:12:28.096] [src.main/DEBUG] [net.minecraftforge.fml.ModWorkManager/LOADING]: Using 16 threads for parallel mod-loading
[25May2025 01:12:28.120] [src.main/DEBUG] [net.minecraftforge.fml.javafmlmod.FMLJavaModLanguageProvider/LOADING]: Loading FMLModContainer from classloader TransformingClassLoader[TRANSFORMER]@1914285129 - got SecureModuleClassLoader[LAYER PLUGIN]@1047873000
[25May2025 01:12:28.125] [src.main/DEBUG] [net.minecraftforge.fml.javafmlmod.FMLModContainer/LOADING]: Creating FMLModContainer instance for net.minecraftforge.common.ForgeMod
[25May2025 01:12:28.135] [src.main/DEBUG] [net.minecraftforge.fml.javafmlmod.FMLModContainer/LOADING]: Loaded modclass net.minecraftforge.forge/net.minecraftforge.common.ForgeMod with TransformingClassLoader[TRANSFORMER]@1914285129
[25May2025 01:12:28.136] [src.main/DEBUG] [net.minecraftforge.fml.javafmlmod.FMLJavaModLanguageProvider/LOADING]: Loading FMLModContainer from classloader TransformingClassLoader[TRANSFORMER]@1914285129 - got SecureModuleClassLoader[LAYER PLUGIN]@1047873000
[25May2025 01:12:28.136] [src.main/DEBUG] [net.minecraftforge.fml.javafmlmod.FMLModContainer/LOADING]: Creating FMLModContainer instance for net.ultimporks.betterdiscs.BetterMusicDiscs
[25May2025 01:12:28.138] [src.main/DEBUG] [net.minecraftforge.fml.javafmlmod.FMLModContainer/LOADING]: Loaded modclass betterdiscs/net.ultimporks.betterdiscs.BetterMusicDiscs with TransformingClassLoader[TRANSFORMER]@1914285129
[25May2025 01:12:28.139] [src.main/DEBUG] [net.minecraftforge.fml.javafmlmod.FMLJavaModLanguageProvider/LOADING]: Loading FMLModContainer from classloader TransformingClassLoader[TRANSFORMER]@1914285129 - got SecureModuleClassLoader[LAYER PLUGIN]@1047873000
[25May2025 01:12:28.139] [src.main/DEBUG] [net.minecraftforge.fml.javafmlmod.FMLModContainer/LOADING]: Creating FMLModContainer instance for mezz.jei.forge.JustEnoughItems
[25May2025 01:12:28.140] [src.main/DEBUG] [net.minecraftforge.fml.javafmlmod.FMLModContainer/LOADING]: Loaded modclass jei/mezz.jei.forge.JustEnoughItems with TransformingClassLoader[TRANSFORMER]@1914285129
[25May2025 01:12:28.232] [modloading-worker-0/DEBUG] [net.minecraftforge.versions.forge.ForgeVersion/CORE]: Forge Version package package net.minecraftforge.versions.forge, Forge, version 0.0 from TransformingClassLoader[TRANSFORMER]@1914285129
[25May2025 01:12:28.233] [modloading-worker-0/DEBUG] [net.minecraftforge.versions.forge.ForgeVersion/CORE]: Found Forge version 52.1.0
[25May2025 01:12:28.233] [modloading-worker-0/DEBUG] [net.minecraftforge.versions.forge.ForgeVersion/CORE]: Found Forge spec 0.0
[25May2025 01:12:28.233] [modloading-worker-0/DEBUG] [net.minecraftforge.versions.forge.ForgeVersion/CORE]: Found Forge group net.minecraftforge
[25May2025 01:12:28.235] [modloading-worker-0/DEBUG] [net.minecraftforge.versions.mcp.MCPVersion/CORE]: MCP Version package package net.minecraftforge.versions.mcp, Minecraft, version 1.21.1 from TransformingClassLoader[TRANSFORMER]@1914285129
[25May2025 01:12:28.235] [modloading-worker-0/DEBUG] [net.minecraftforge.versions.mcp.MCPVersion/CORE]: Found MC version information 1.21.1
[25May2025 01:12:28.235] [modloading-worker-0/DEBUG] [net.minecraftforge.versions.mcp.MCPVersion/CORE]: Found MCP version information 20240808.132146
[25May2025 01:12:28.235] [modloading-worker-0/INFO] [net.minecraftforge.common.ForgeMod/FORGEMOD]: Forge mod loading, version 52.1.0, for MC 1.21.1 with MCP 20240808.132146
[25May2025 01:12:28.235] [modloading-worker-0/INFO] [net.minecraftforge.common.MinecraftForge/FORGE]: MinecraftForge v52.1.0 Initialized
[25May2025 01:12:28.236] [modloading-worker-0/DEBUG] [net.minecraftforge.fml.config.ConfigTracker/CONFIG]: Config file jei-server.toml for jei tracking
[25May2025 01:12:28.268] [modloading-worker-0/DEBUG] [net.minecraftforge.fml.javafmlmod.AutomaticEventSubscriber/LOADING]: Attempting to inject @EventBusSubscriber classes into the eventbus for betterdiscs
[25May2025 01:12:28.279] [modloading-worker-0/DEBUG] [net.minecraftforge.fml.javafmlmod.AutomaticEventSubscriber/LOADING]: Auto-subscribing net.ultimporks.betterdiscs.datagen.DataGenerators to MOD
[25May2025 01:12:28.290] [modloading-worker-0/DEBUG] [net.minecraftforge.fml.javafmlmod.AutomaticEventSubscriber/LOADING]: Auto-subscribing net.ultimporks.betterdiscs.events.ModEventBusClientEvents to MOD
[25May2025 01:12:28.296] [modloading-worker-0/DEBUG] [net.minecraftforge.fml.javafmlmod.AutomaticEventSubscriber/LOADING]: Auto-subscribing net.ultimporks.betterdiscs.events.ModEventBusEvents to FORGE
[25May2025 01:12:28.300] [modloading-worker-0/DEBUG] [net.minecraftforge.fml.javafmlmod.AutomaticEventSubscriber/LOADING]: Auto-subscribing net.ultimporks.betterdiscs.events.ModEventSubscribers to FORGE
[25May2025 01:12:28.304] [modloading-worker-0/INFO] [net.minecraftforge.common.ForgeMod/FORGEMOD]: Opening jdk.naming.dns/com.sun.jndi.dns to java.naming
[25May2025 01:12:28.342] [modloading-worker-0/DEBUG] [io.netty.util.internal.PlatformDependent0/]: -Dio.netty.noUnsafe: false
[25May2025 01:12:28.343] [modloading-worker-0/DEBUG] [io.netty.util.internal.PlatformDependent0/]: Java version: 21
[25May2025 01:12:28.344] [modloading-worker-0/DEBUG] [io.netty.util.internal.PlatformDependent0/]: sun.misc.Unsafe.theUnsafe: available
[25May2025 01:12:28.345] [modloading-worker-0/DEBUG] [io.netty.util.internal.PlatformDependent0/]: sun.misc.Unsafe.copyMemory: available
[25May2025 01:12:28.345] [modloading-worker-0/DEBUG] [io.netty.util.internal.PlatformDependent0/]: sun.misc.Unsafe.storeFence: available
[25May2025 01:12:28.346] [modloading-worker-0/DEBUG] [io.netty.util.internal.PlatformDependent0/]: java.nio.Buffer.address: available
[25May2025 01:12:28.392] [modloading-worker-0/DEBUG] [mezz.jei.common.platform.Services/]: Loaded mezz.jei.forge.platform.PlatformHelper@4075adbb for service interface mezz.jei.common.platform.IPlatformHelper
[25May2025 01:12:28.347] [modloading-worker-0/DEBUG] [io.netty.util.internal.PlatformDependent0/]: direct buffer constructor: unavailable
java.lang.UnsupportedOperationException: Reflective setAccessible(true) disabled
	at SECURE-BOOTSTRAP/io.netty.common@4.1.97.Final/io.netty.util.internal.ReflectionUtil.trySetAccessible(ReflectionUtil.java:31) ~[netty-common-4.1.97.Final.jar:4.1.97.Final]
	at SECURE-BOOTSTRAP/io.netty.common@4.1.97.Final/io.netty.util.internal.PlatformDependent0$5.run(PlatformDependent0.java:289) ~[netty-common-4.1.97.Final.jar:4.1.97.Final]
	at java.base/java.security.AccessController.doPrivileged(AccessController.java:319) ~[?:?]
	at SECURE-BOOTSTRAP/io.netty.common@4.1.97.Final/io.netty.util.internal.PlatformDependent0.<clinit>(PlatformDependent0.java:282) ~[netty-common-4.1.97.Final.jar:4.1.97.Final]
	at SECURE-BOOTSTRAP/io.netty.common@4.1.97.Final/io.netty.util.internal.PlatformDependent.isAndroid(PlatformDependent.java:333) ~[netty-common-4.1.97.Final.jar:4.1.97.Final]
	at SECURE-BOOTSTRAP/io.netty.common@4.1.97.Final/io.netty.util.internal.PlatformDependent.<clinit>(PlatformDependent.java:88) ~[netty-common-4.1.97.Final.jar:4.1.97.Final]
	at SECURE-BOOTSTRAP/io.netty.common@4.1.97.Final/io.netty.util.ConstantPool.<init>(ConstantPool.java:34) ~[netty-common-4.1.97.Final.jar:4.1.97.Final]
	at SECURE-BOOTSTRAP/io.netty.common@4.1.97.Final/io.netty.util.AttributeKey$1.<init>(AttributeKey.java:27) ~[netty-common-4.1.97.Final.jar:4.1.97.Final]
	at SECURE-BOOTSTRAP/io.netty.common@4.1.97.Final/io.netty.util.AttributeKey.<clinit>(AttributeKey.java:27) ~[netty-common-4.1.97.Final.jar:4.1.97.Final]
	at TRANSFORMER/net.minecraftforge.forge@52.1.0/net.minecraftforge.network.NetworkInitialization.<clinit>(NetworkInitialization.java:27) ~[forge-1.21.1-52.1.0_mapped_parchment_2024.11.17-1.21.1-recomp.jar:?]
	at TRANSFORMER/net.minecraftforge.forge@52.1.0/net.minecraftforge.common.ForgeMod.<init>(ForgeMod.java:381) ~[forge-1.21.1-52.1.0_mapped_parchment_2024.11.17-1.21.1-recomp.jar:?]
	at java.base/jdk.internal.reflect.DirectConstructorHandleAccessor.newInstance(DirectConstructorHandleAccessor.java:62) ~[?:?]
	at java.base/java.lang.reflect.Constructor.newInstanceWithCaller(Constructor.java:502) ~[?:?]
	at java.base/java.lang.reflect.Constructor.newInstance(Constructor.java:486) ~[?:?]
	at LAYER PLUGIN/net.minecraftforge.javafmlmod@1.21.1-52.1.0/net.minecraftforge.fml.javafmlmod.FMLModContainer.constructMod(FMLModContainer.java:145) ~[javafmllanguage-1.21.1-52.1.0.jar!/:52.1.0]
	at LAYER PLUGIN/net.minecraftforge.fmlcore@1.21.1-52.1.0/net.minecraftforge.fml.ModContainer.lambda$buildTransitionHandler$5(ModContainer.java:125) ~[fmlcore-1.21.1-52.1.0.jar!/:1.0]
	at java.base/java.util.concurrent.CompletableFuture$AsyncRun.run(CompletableFuture.java:1804) [?:?]
	at java.base/java.util.concurrent.CompletableFuture$AsyncRun.exec(CompletableFuture.java:1796) [?:?]
	at java.base/java.util.concurrent.ForkJoinTask.doExec(ForkJoinTask.java:387) [?:?]
	at java.base/java.util.concurrent.ForkJoinPool$WorkQueue.topLevelExec(ForkJoinPool.java:1310) [?:?]
	at java.base/java.util.concurrent.ForkJoinPool.scan(ForkJoinPool.java:1841) [?:?]
	at java.base/java.util.concurrent.ForkJoinPool.runWorker(ForkJoinPool.java:1806) [?:?]
	at java.base/java.util.concurrent.ForkJoinWorkerThread.run(ForkJoinWorkerThread.java:188) [?:?]
[25May2025 01:12:28.408] [modloading-worker-0/DEBUG] [io.netty.util.internal.PlatformDependent0/]: java.nio.Bits.unaligned: available, true
[25May2025 01:12:28.410] [modloading-worker-0/DEBUG] [io.netty.util.internal.PlatformDependent0/]: jdk.internal.misc.Unsafe.allocateUninitializedArray(int): unavailable
java.lang.IllegalAccessException: class io.netty.util.internal.PlatformDependent0$7 (in module io.netty.common) cannot access class jdk.internal.misc.Unsafe (in module java.base) because module java.base does not export jdk.internal.misc to module io.netty.common
	at java.base/jdk.internal.reflect.Reflection.newIllegalAccessException(Reflection.java:394) ~[?:?]
	at java.base/java.lang.reflect.AccessibleObject.checkAccess(AccessibleObject.java:714) ~[?:?]
	at java.base/java.lang.reflect.Method.invoke(Method.java:571) ~[?:?]
	at SECURE-BOOTSTRAP/io.netty.common@4.1.97.Final/io.netty.util.internal.PlatformDependent0$7.run(PlatformDependent0.java:411) ~[netty-common-4.1.97.Final.jar:4.1.97.Final]
	at java.base/java.security.AccessController.doPrivileged(AccessController.java:319) ~[?:?]
	at SECURE-BOOTSTRAP/io.netty.common@4.1.97.Final/io.netty.util.internal.PlatformDependent0.<clinit>(PlatformDependent0.java:402) ~[netty-common-4.1.97.Final.jar:4.1.97.Final]
	at SECURE-BOOTSTRAP/io.netty.common@4.1.97.Final/io.netty.util.internal.PlatformDependent.isAndroid(PlatformDependent.java:333) ~[netty-common-4.1.97.Final.jar:4.1.97.Final]
	at SECURE-BOOTSTRAP/io.netty.common@4.1.97.Final/io.netty.util.internal.PlatformDependent.<clinit>(PlatformDependent.java:88) ~[netty-common-4.1.97.Final.jar:4.1.97.Final]
	at SECURE-BOOTSTRAP/io.netty.common@4.1.97.Final/io.netty.util.ConstantPool.<init>(ConstantPool.java:34) ~[netty-common-4.1.97.Final.jar:4.1.97.Final]
	at SECURE-BOOTSTRAP/io.netty.common@4.1.97.Final/io.netty.util.AttributeKey$1.<init>(AttributeKey.java:27) ~[netty-common-4.1.97.Final.jar:4.1.97.Final]
	at SECURE-BOOTSTRAP/io.netty.common@4.1.97.Final/io.netty.util.AttributeKey.<clinit>(AttributeKey.java:27) ~[netty-common-4.1.97.Final.jar:4.1.97.Final]
	at TRANSFORMER/net.minecraftforge.forge@52.1.0/net.minecraftforge.network.NetworkInitialization.<clinit>(NetworkInitialization.java:27) ~[forge-1.21.1-52.1.0_mapped_parchment_2024.11.17-1.21.1-recomp.jar:?]
	at TRANSFORMER/net.minecraftforge.forge@52.1.0/net.minecraftforge.common.ForgeMod.<init>(ForgeMod.java:381) ~[forge-1.21.1-52.1.0_mapped_parchment_2024.11.17-1.21.1-recomp.jar:?]
	at java.base/jdk.internal.reflect.DirectConstructorHandleAccessor.newInstance(DirectConstructorHandleAccessor.java:62) ~[?:?]
	at java.base/java.lang.reflect.Constructor.newInstanceWithCaller(Constructor.java:502) ~[?:?]
	at java.base/java.lang.reflect.Constructor.newInstance(Constructor.java:486) ~[?:?]
	at LAYER PLUGIN/net.minecraftforge.javafmlmod@1.21.1-52.1.0/net.minecraftforge.fml.javafmlmod.FMLModContainer.constructMod(FMLModContainer.java:145) ~[javafmllanguage-1.21.1-52.1.0.jar!/:52.1.0]
	at LAYER PLUGIN/net.minecraftforge.fmlcore@1.21.1-52.1.0/net.minecraftforge.fml.ModContainer.lambda$buildTransitionHandler$5(ModContainer.java:125) ~[fmlcore-1.21.1-52.1.0.jar!/:1.0]
	at java.base/java.util.concurrent.CompletableFuture$AsyncRun.run(CompletableFuture.java:1804) [?:?]
	at java.base/java.util.concurrent.CompletableFuture$AsyncRun.exec(CompletableFuture.java:1796) [?:?]
	at java.base/java.util.concurrent.ForkJoinTask.doExec(ForkJoinTask.java:387) [?:?]
	at java.base/java.util.concurrent.ForkJoinPool$WorkQueue.topLevelExec(ForkJoinPool.java:1310) [?:?]
	at java.base/java.util.concurrent.ForkJoinPool.scan(ForkJoinPool.java:1841) [?:?]
	at java.base/java.util.concurrent.ForkJoinPool.runWorker(ForkJoinPool.java:1806) [?:?]
	at java.base/java.util.concurrent.ForkJoinWorkerThread.run(ForkJoinWorkerThread.java:188) [?:?]
[25May2025 01:12:28.415] [modloading-worker-0/DEBUG] [io.netty.util.internal.PlatformDependent0/]: java.nio.DirectByteBuffer.<init>(long, {int,long}): unavailable
[25May2025 01:12:28.415] [modloading-worker-0/DEBUG] [io.netty.util.internal.PlatformDependent/]: sun.misc.Unsafe: available
[25May2025 01:12:28.417] [modloading-worker-0/DEBUG] [io.netty.util.internal.PlatformDependent/]: maxDirectMemory: 8573157376 bytes (maybe)
[25May2025 01:12:28.418] [modloading-worker-0/DEBUG] [io.netty.util.internal.PlatformDependent/]: -Dio.netty.tmpdir: C:\Users\ultim\AppData\Local\Temp (java.io.tmpdir)
[25May2025 01:12:28.418] [modloading-worker-0/DEBUG] [io.netty.util.internal.PlatformDependent/]: -Dio.netty.bitMode: 64 (sun.arch.data.model)
[25May2025 01:12:28.418] [modloading-worker-0/DEBUG] [io.netty.util.internal.PlatformDependent/]: Platform: Windows
[25May2025 01:12:28.420] [modloading-worker-0/DEBUG] [io.netty.util.internal.PlatformDependent/]: -Dio.netty.maxDirectMemory: -1 bytes
[25May2025 01:12:28.420] [modloading-worker-0/DEBUG] [io.netty.util.internal.PlatformDependent/]: -Dio.netty.uninitializedArrayAllocationThreshold: -1
[25May2025 01:12:28.424] [modloading-worker-0/DEBUG] [io.netty.util.internal.CleanerJava9/]: java.nio.ByteBuffer.cleaner(): available
[25May2025 01:12:28.424] [modloading-worker-0/DEBUG] [io.netty.util.internal.PlatformDependent/]: -Dio.netty.noPreferDirect: false
[25May2025 01:12:28.491] [modloading-worker-0/DEBUG] [net.minecraftforge.network.NetworkInitialization/FORGE_NETWORK]: Registering Network forge:login v0
[25May2025 01:12:28.491] [modloading-worker-0/DEBUG] [net.minecraftforge.network.NetworkInitialization/FORGE_NETWORK]: Registering Network forge:handshake v0
[25May2025 01:12:28.491] [modloading-worker-0/DEBUG] [net.minecraftforge.network.NetworkInitialization/FORGE_NETWORK]: Registering Network forge:handshake v0
[25May2025 01:12:28.491] [modloading-worker-0/DEBUG] [net.minecraftforge.network.NetworkInitialization/FORGE_NETWORK]: Registering Network forge:channel_registration v0
[25May2025 01:12:28.509] [modloading-worker-0/DEBUG] [net.minecraftforge.fml.config.ConfigTracker/CONFIG]: Config file forge-client.toml for forge tracking
[25May2025 01:12:28.509] [modloading-worker-0/DEBUG] [net.minecraftforge.fml.config.ConfigTracker/CONFIG]: Config file forge-server.toml for forge tracking
[25May2025 01:12:28.510] [modloading-worker-0/DEBUG] [net.minecraftforge.fml.config.ConfigTracker/CONFIG]: Config file forge-common.toml for forge tracking
[25May2025 01:12:28.536] [modloading-worker-0/DEBUG] [net.minecraftforge.fml.javafmlmod.AutomaticEventSubscriber/LOADING]: Attempting to inject @EventBusSubscriber classes into the eventbus for forge
[25May2025 01:12:28.537] [modloading-worker-0/DEBUG] [net.minecraftforge.fml.javafmlmod.AutomaticEventSubscriber/LOADING]: Auto-subscribing net.minecraftforge.common.ForgeSpawnEggItem$CommonHandler to MOD
[25May2025 01:12:28.539] [modloading-worker-0/DEBUG] [net.minecraftforge.fml.javafmlmod.AutomaticEventSubscriber/LOADING]: Auto-subscribing net.minecraftforge.common.ForgeSpawnEggItem$ColorRegisterHandler to MOD
[25May2025 01:12:28.541] [modloading-worker-0/DEBUG] [mezz.jei.common.config.file.ConfigSerializer/]: Loading config file: C:\Users\ultim\Desktop\Minecraft mod projects\BetterMusicDiscs 1.21.1\run-data\config\jei\jei-debug.ini
[25May2025 01:12:28.542] [modloading-worker-0/DEBUG] [net.minecraftforge.fml.javafmlmod.AutomaticEventSubscriber/LOADING]: Auto-subscribing net.minecraftforge.client.model.data.ModelDataManager to FORGE
[25May2025 01:12:28.542] [modloading-worker-0/ERROR] [mezz.jei.common.config.file.ConfigSerializer/]: 'DebugMode' is not a valid config key for config category 'debug'.
Valid keys: [debugMode, debugGuis, debugInputs, debugInfoTooltipsEnabled, crashingTestItemsEnabled, logSuffixTreeStats]
Skipping this key.
Config file: C:\Users\ultim\Desktop\Minecraft mod projects\BetterMusicDiscs 1.21.1\run-data\config\jei\jei-debug.ini
Line #5: "	DebugMode = false"
[25May2025 01:12:28.543] [modloading-worker-0/ERROR] [mezz.jei.common.config.file.ConfigSerializer/]: 'DebugGuis' is not a valid config key for config category 'debug'.
Valid keys: [debugMode, debugGuis, debugInputs, debugInfoTooltipsEnabled, crashingTestItemsEnabled, logSuffixTreeStats]
Skipping this key.
Config file: C:\Users\ultim\Desktop\Minecraft mod projects\BetterMusicDiscs 1.21.1\run-data\config\jei\jei-debug.ini
Line #10: "	DebugGuis = false"
[25May2025 01:12:28.543] [modloading-worker-0/ERROR] [mezz.jei.common.config.file.ConfigSerializer/]: 'DebugInputs' is not a valid config key for config category 'debug'.
Valid keys: [debugMode, debugGuis, debugInputs, debugInfoTooltipsEnabled, crashingTestItemsEnabled, logSuffixTreeStats]
Skipping this key.
Config file: C:\Users\ultim\Desktop\Minecraft mod projects\BetterMusicDiscs 1.21.1\run-data\config\jei\jei-debug.ini
Line #15: "	DebugInputs = false"
[25May2025 01:12:28.543] [modloading-worker-0/ERROR] [mezz.jei.common.config.file.ConfigSerializer/]: 'DebugIngredients' is not a valid config key for config category 'debug'.
Valid keys: [debugMode, debugGuis, debugInputs, debugInfoTooltipsEnabled, crashingTestItemsEnabled, logSuffixTreeStats]
Skipping this key.
Config file: C:\Users\ultim\Desktop\Minecraft mod projects\BetterMusicDiscs 1.21.1\run-data\config\jei\jei-debug.ini
Line #20: "	DebugIngredients = true"
[25May2025 01:12:28.543] [modloading-worker-0/ERROR] [mezz.jei.common.config.file.ConfigSerializer/]: 'CrashingTestItemsEnabled' is not a valid config key for config category 'debug'.
Valid keys: [debugMode, debugGuis, debugInputs, debugInfoTooltipsEnabled, crashingTestItemsEnabled, logSuffixTreeStats]
Skipping this key.
Config file: C:\Users\ultim\Desktop\Minecraft mod projects\BetterMusicDiscs 1.21.1\run-data\config\jei\jei-debug.ini
Line #25: "	CrashingTestItemsEnabled = false"
[25May2025 01:12:28.543] [modloading-worker-0/DEBUG] [mezz.jei.common.config.file.ConfigSchema/]: Localization has not loaded yet, waiting to save the config file until JEI starts.
[25May2025 01:12:28.543] [modloading-worker-0/DEBUG] [net.minecraftforge.fml.javafmlmod.AutomaticEventSubscriber/LOADING]: Auto-subscribing net.minecraftforge.client.ForgeHooksClient$ClientEvents to MOD
[25May2025 01:12:28.559] [modloading-worker-0/DEBUG] [mezz.jei.common.config.file.ConfigSerializer/]: Loading config file: C:\Users\ultim\Desktop\Minecraft mod projects\BetterMusicDiscs 1.21.1\run-data\config\jei\jei-mod-id-format.ini
[25May2025 01:12:28.560] [modloading-worker-0/ERROR] [mezz.jei.common.config.file.ConfigSerializer/]: '[modname]' is not a valid category name.
Valid names are: [modName]
Skipping all values until the first valid category is declared.
Config file: C:\Users\ultim\Desktop\Minecraft mod projects\BetterMusicDiscs 1.21.1\run-data\config\jei\jei-mod-id-format.ini
Line #1: "[modname]"
[25May2025 01:12:28.561] [modloading-worker-0/ERROR] [mezz.jei.common.config.file.ConfigSerializer/]: Expected a '[category]' here.
Configs must start with a category before defining values.
Skipping all lines until the first valid category is declared.
Config file: C:\Users\ultim\Desktop\Minecraft mod projects\BetterMusicDiscs 1.21.1\run-data\config\jei\jei-mod-id-format.ini
Line #9: "	ModNameFormat = blue italic"
[25May2025 01:12:28.561] [modloading-worker-0/DEBUG] [mezz.jei.common.config.file.ConfigSchema/]: Localization has not loaded yet, waiting to save the config file until JEI starts.
[25May2025 01:12:28.567] [modloading-worker-0/DEBUG] [mezz.jei.common.config.file.ConfigSerializer/]: Loading config file: C:\Users\ultim\Desktop\Minecraft mod projects\BetterMusicDiscs 1.21.1\run-data\config\jei\jei-colors.ini
[25May2025 01:12:28.568] [modloading-worker-0/ERROR] [mezz.jei.common.config.file.ConfigSerializer/]: 'SearchColors' is not a valid config key for config category 'colors'.
Valid keys: [searchColors]
Skipping this key.
Config file: C:\Users\ultim\Desktop\Minecraft mod projects\BetterMusicDiscs 1.21.1\run-data\config\jei\jei-colors.ini
Line #6: "	SearchColors = White:EEEEEE, LightBlue:7492CC, Cyan:00EEEE, Blue:2222DD, LapisBlue:25418B, Teal:008080, Yellow:CACB58, GoldenYellow:EED700, Orange:D97634, Pink:D1899D, HotPink:FC0FC0, Magenta:B24BBB, Purple:813EB9, EvilPurple:2E1649, Lavender:B57EDC, Indigo:480082, Sand:DBD3A0, Tan:BB9B63, LightBrown:A0522D, Brown:634B33, DarkBrown:3A2D13, LimeGreen:43B239, SlimeGreen:83CB73, Green:008000, DarkGreen:224D22, GrassGreen:548049, Red:963430, BrickRed:B0604B, NetherBrick:2A1516, Redstone:CE3E36, Black:181515, CharcoalGray:464646, IronGray:646464, Gray:808080, Silver:C0C0C0"
[25May2025 01:12:28.568] [modloading-worker-0/DEBUG] [mezz.jei.common.config.file.ConfigSchema/]: Localization has not loaded yet, waiting to save the config file until JEI starts.
[25May2025 01:12:28.570] [modloading-worker-0/DEBUG] [net.minecraftforge.fml.javafmlmod.AutomaticEventSubscriber/LOADING]: Auto-subscribing net.minecraftforge.client.ClientForgeMod to MOD
[25May2025 01:12:28.576] [modloading-worker-0/DEBUG] [mezz.jei.common.config.file.ConfigSerializer/]: Loading config file: C:\Users\ultim\Desktop\Minecraft mod projects\BetterMusicDiscs 1.21.1\run-data\config\jei\jei-client.ini
[25May2025 01:12:28.577] [modloading-worker-0/ERROR] [mezz.jei.common.config.file.ConfigSerializer/]: 'CenterSearch' is not a valid config key for config category 'appearance'.
Valid keys: [centerSearch, recipeGuiHeight]
Skipping this key.
Config file: C:\Users\ultim\Desktop\Minecraft mod projects\BetterMusicDiscs 1.21.1\run-data\config\jei\jei-client.ini
Line #5: "	CenterSearch = false"
[25May2025 01:12:28.578] [modloading-worker-0/ERROR] [mezz.jei.common.config.file.ConfigSerializer/]: 'RecipeGuiHeight' is not a valid config key for config category 'appearance'.
Valid keys: [centerSearch, recipeGuiHeight]
Skipping this key.
Config file: C:\Users\ultim\Desktop\Minecraft mod projects\BetterMusicDiscs 1.21.1\run-data\config\jei\jei-client.ini
Line #10: "	RecipeGuiHeight = 350"
[25May2025 01:12:28.578] [modloading-worker-0/ERROR] [mezz.jei.common.config.file.ConfigSerializer/]: '[cheat_mode]' is not a valid category name.
Valid names are: [appearance, cheating, bookmarks, tooltips, performance, lookups, advanced, input, sorting, search, ingredientList, bookmarkList]
Skipping all values until the first valid category is declared.
Config file: C:\Users\ultim\Desktop\Minecraft mod projects\BetterMusicDiscs 1.21.1\run-data\config\jei\jei-client.ini
Line #13: "[cheat_mode]"
[25May2025 01:12:28.578] [modloading-worker-0/ERROR] [mezz.jei.common.config.file.ConfigSerializer/]: Expected a '[category]' here.
Configs must start with a category before defining values.
Skipping all lines until the first valid category is declared.
Config file: C:\Users\ultim\Desktop\Minecraft mod projects\BetterMusicDiscs 1.21.1\run-data\config\jei\jei-client.ini
Line #17: "	GiveMode = MOUSE_PICKUP"
[25May2025 01:12:28.578] [modloading-worker-0/ERROR] [mezz.jei.common.config.file.ConfigSerializer/]: Expected a '[category]' here.
Configs must start with a category before defining values.
Skipping all lines until the first valid category is declared.
Config file: C:\Users\ultim\Desktop\Minecraft mod projects\BetterMusicDiscs 1.21.1\run-data\config\jei\jei-client.ini
Line #22: "	CheatToHotbarUsingHotkeysEnabled = false"
[25May2025 01:12:28.578] [modloading-worker-0/ERROR] [mezz.jei.common.config.file.ConfigSerializer/]: Expected a '[category]' here.
Configs must start with a category before defining values.
Skipping all lines until the first valid category is declared.
Config file: C:\Users\ultim\Desktop\Minecraft mod projects\BetterMusicDiscs 1.21.1\run-data\config\jei\jei-client.ini
Line #27: "	ShowHiddenItems = false"
[25May2025 01:12:28.578] [modloading-worker-0/ERROR] [mezz.jei.common.config.file.ConfigSerializer/]: 'AddBookmarksToFrontEnabled' is not a valid config key for config category 'bookmarks'.
Valid keys: [addBookmarksToFrontEnabled, dragToRearrangeBookmarksEnabled]
Skipping this key.
Config file: C:\Users\ultim\Desktop\Minecraft mod projects\BetterMusicDiscs 1.21.1\run-data\config\jei\jei-client.ini
Line #34: "	AddBookmarksToFrontEnabled = false"
[25May2025 01:12:28.578] [modloading-worker-0/ERROR] [mezz.jei.common.config.file.ConfigSerializer/]: 'BookmarkTooltipFeatures' is not a valid config key for config category 'bookmarks'.
Valid keys: [addBookmarksToFrontEnabled, dragToRearrangeBookmarksEnabled]
Skipping this key.
Config file: C:\Users\ultim\Desktop\Minecraft mod projects\BetterMusicDiscs 1.21.1\run-data\config\jei\jei-client.ini
Line #40: "	BookmarkTooltipFeatures = PREVIEW"
[25May2025 01:12:28.578] [modloading-worker-0/ERROR] [mezz.jei.common.config.file.ConfigSerializer/]: 'HoldShiftToShowBookmarkTooltipFeatures' is not a valid config key for config category 'bookmarks'.
Valid keys: [addBookmarksToFrontEnabled, dragToRearrangeBookmarksEnabled]
Skipping this key.
Config file: C:\Users\ultim\Desktop\Minecraft mod projects\BetterMusicDiscs 1.21.1\run-data\config\jei\jei-client.ini
Line #45: "	HoldShiftToShowBookmarkTooltipFeatures = true"
[25May2025 01:12:28.578] [modloading-worker-0/ERROR] [mezz.jei.common.config.file.ConfigSerializer/]: 'DragToRearrangeBookmarksEnabled' is not a valid config key for config category 'bookmarks'.
Valid keys: [addBookmarksToFrontEnabled, dragToRearrangeBookmarksEnabled]
Skipping this key.
Config file: C:\Users\ultim\Desktop\Minecraft mod projects\BetterMusicDiscs 1.21.1\run-data\config\jei\jei-client.ini
Line #50: "	DragToRearrangeBookmarksEnabled = true"
[25May2025 01:12:28.578] [modloading-worker-0/ERROR] [mezz.jei.common.config.file.ConfigSerializer/]: 'LowMemorySlowSearchEnabled' is not a valid config key for config category 'advanced'.
Valid keys: [catchRenderErrorsEnabled]
Skipping this key.
Config file: C:\Users\ultim\Desktop\Minecraft mod projects\BetterMusicDiscs 1.21.1\run-data\config\jei\jei-client.ini
Line #57: "	LowMemorySlowSearchEnabled = false"
[25May2025 01:12:28.578] [modloading-worker-0/ERROR] [mezz.jei.common.config.file.ConfigSerializer/]: 'CatchRenderErrorsEnabled' is not a valid config key for config category 'advanced'.
Valid keys: [catchRenderErrorsEnabled]
Skipping this key.
Config file: C:\Users\ultim\Desktop\Minecraft mod projects\BetterMusicDiscs 1.21.1\run-data\config\jei\jei-client.ini
Line #62: "	CatchRenderErrorsEnabled = false"
[25May2025 01:12:28.579] [modloading-worker-0/ERROR] [mezz.jei.common.config.file.ConfigSerializer/]: 'lookupFluidContentsEnabled' is not a valid config key for config category 'advanced'.
Valid keys: [catchRenderErrorsEnabled]
Skipping this key.
Config file: C:\Users\ultim\Desktop\Minecraft mod projects\BetterMusicDiscs 1.21.1\run-data\config\jei\jei-client.ini
Line #67: "	lookupFluidContentsEnabled = false"
[25May2025 01:12:28.579] [modloading-worker-0/ERROR] [mezz.jei.common.config.file.ConfigSerializer/]: 'lookupBlockTagsEnabled' is not a valid config key for config category 'advanced'.
Valid keys: [catchRenderErrorsEnabled]
Skipping this key.
Config file: C:\Users\ultim\Desktop\Minecraft mod projects\BetterMusicDiscs 1.21.1\run-data\config\jei\jei-client.ini
Line #72: "	lookupBlockTagsEnabled = true"
[25May2025 01:12:28.579] [modloading-worker-0/ERROR] [mezz.jei.common.config.file.ConfigSerializer/]: 'dragDelayInMilliseconds' is not a valid config key for config category 'advanced'.
Valid keys: [catchRenderErrorsEnabled]
Skipping this key.
Config file: C:\Users\ultim\Desktop\Minecraft mod projects\BetterMusicDiscs 1.21.1\run-data\config\jei\jei-client.ini
Line #77: "	dragDelayInMilliseconds = 150"
[25May2025 01:12:28.579] [modloading-worker-0/ERROR] [mezz.jei.common.config.file.ConfigSerializer/]: 'IngredientSortStages' is not a valid config key for config category 'sorting'.
Valid keys: [ingredientSortStages, recipeSorterStages]
Skipping this key.
Config file: C:\Users\ultim\Desktop\Minecraft mod projects\BetterMusicDiscs 1.21.1\run-data\config\jei\jei-client.ini
Line #85: "	IngredientSortStages = MOD_NAME, INGREDIENT_TYPE, CREATIVE_MENU"
[25May2025 01:12:28.579] [modloading-worker-0/ERROR] [mezz.jei.common.config.file.ConfigSerializer/]: 'RecipeSorterStages' is not a valid config key for config category 'sorting'.
Valid keys: [ingredientSortStages, recipeSorterStages]
Skipping this key.
Config file: C:\Users\ultim\Desktop\Minecraft mod projects\BetterMusicDiscs 1.21.1\run-data\config\jei\jei-client.ini
Line #91: "	RecipeSorterStages = BOOKMARKED, CRAFTABLE"
[25May2025 01:12:28.579] [modloading-worker-0/ERROR] [mezz.jei.common.config.file.ConfigSerializer/]: '[tags]' is not a valid category name.
Valid names are: [appearance, cheating, bookmarks, tooltips, performance, lookups, advanced, input, sorting, search, ingredientList, bookmarkList]
Skipping all values until the first valid category is declared.
Config file: C:\Users\ultim\Desktop\Minecraft mod projects\BetterMusicDiscs 1.21.1\run-data\config\jei\jei-client.ini
Line #94: "[tags]"
[25May2025 01:12:28.579] [modloading-worker-0/ERROR] [mezz.jei.common.config.file.ConfigSerializer/]: Expected a '[category]' here.
Configs must start with a category before defining values.
Skipping all lines until the first valid category is declared.
Config file: C:\Users\ultim\Desktop\Minecraft mod projects\BetterMusicDiscs 1.21.1\run-data\config\jei\jei-client.ini
Line #98: "	TagContentTooltipEnabled = true"
[25May2025 01:12:28.580] [modloading-worker-0/ERROR] [mezz.jei.common.config.file.ConfigSerializer/]: Expected a '[category]' here.
Configs must start with a category before defining values.
Skipping all lines until the first valid category is declared.
Config file: C:\Users\ultim\Desktop\Minecraft mod projects\BetterMusicDiscs 1.21.1\run-data\config\jei\jei-client.ini
Line #103: "	HideSingleIngredientTagsEnabled = true"
[25May2025 01:12:28.580] [modloading-worker-0/ERROR] [mezz.jei.common.config.file.ConfigSerializer/]: 'ModNameSearchMode' is not a valid config key for config category 'search'.
Valid keys: [modNameSearchMode, tagSearchMode, tooltipSearchMode, colorSearchMode, resourceLocationSearchMode, creativeTabSearchMode, searchAdvancedTooltips, searchModIds, searchModAliases, searchShortModNames, searchIngredientAliases]
Skipping this key.
Config file: C:\Users\ultim\Desktop\Minecraft mod projects\BetterMusicDiscs 1.21.1\run-data\config\jei\jei-client.ini
Line #110: "	ModNameSearchMode = REQUIRE_PREFIX"
[25May2025 01:12:28.580] [modloading-worker-0/ERROR] [mezz.jei.common.config.file.ConfigSerializer/]: 'TooltipSearchMode' is not a valid config key for config category 'search'.
Valid keys: [modNameSearchMode, tagSearchMode, tooltipSearchMode, colorSearchMode, resourceLocationSearchMode, creativeTabSearchMode, searchAdvancedTooltips, searchModIds, searchModAliases, searchShortModNames, searchIngredientAliases]
Skipping this key.
Config file: C:\Users\ultim\Desktop\Minecraft mod projects\BetterMusicDiscs 1.21.1\run-data\config\jei\jei-client.ini
Line #115: "	TooltipSearchMode = ENABLED"
[25May2025 01:12:28.580] [modloading-worker-0/ERROR] [mezz.jei.common.config.file.ConfigSerializer/]: 'TagSearchMode' is not a valid config key for config category 'search'.
Valid keys: [modNameSearchMode, tagSearchMode, tooltipSearchMode, colorSearchMode, resourceLocationSearchMode, creativeTabSearchMode, searchAdvancedTooltips, searchModIds, searchModAliases, searchShortModNames, searchIngredientAliases]
Skipping this key.
Config file: C:\Users\ultim\Desktop\Minecraft mod projects\BetterMusicDiscs 1.21.1\run-data\config\jei\jei-client.ini
Line #120: "	TagSearchMode = REQUIRE_PREFIX"
[25May2025 01:12:28.580] [modloading-worker-0/ERROR] [mezz.jei.common.config.file.ConfigSerializer/]: 'ColorSearchMode' is not a valid config key for config category 'search'.
Valid keys: [modNameSearchMode, tagSearchMode, tooltipSearchMode, colorSearchMode, resourceLocationSearchMode, creativeTabSearchMode, searchAdvancedTooltips, searchModIds, searchModAliases, searchShortModNames, searchIngredientAliases]
Skipping this key.
Config file: C:\Users\ultim\Desktop\Minecraft mod projects\BetterMusicDiscs 1.21.1\run-data\config\jei\jei-client.ini
Line #125: "	ColorSearchMode = DISABLED"
[25May2025 01:12:28.580] [modloading-worker-0/ERROR] [mezz.jei.common.config.file.ConfigSerializer/]: 'ResourceLocationSearchMode' is not a valid config key for config category 'search'.
Valid keys: [modNameSearchMode, tagSearchMode, tooltipSearchMode, colorSearchMode, resourceLocationSearchMode, creativeTabSearchMode, searchAdvancedTooltips, searchModIds, searchModAliases, searchShortModNames, searchIngredientAliases]
Skipping this key.
Config file: C:\Users\ultim\Desktop\Minecraft mod projects\BetterMusicDiscs 1.21.1\run-data\config\jei\jei-client.ini
Line #130: "	ResourceLocationSearchMode = DISABLED"
[25May2025 01:12:28.580] [modloading-worker-0/ERROR] [mezz.jei.common.config.file.ConfigSerializer/]: 'SearchAdvancedTooltips' is not a valid config key for config category 'search'.
Valid keys: [modNameSearchMode, tagSearchMode, tooltipSearchMode, colorSearchMode, resourceLocationSearchMode, creativeTabSearchMode, searchAdvancedTooltips, searchModIds, searchModAliases, searchShortModNames, searchIngredientAliases]
Skipping this key.
Config file: C:\Users\ultim\Desktop\Minecraft mod projects\BetterMusicDiscs 1.21.1\run-data\config\jei\jei-client.ini
Line #135: "	SearchAdvancedTooltips = false"
[25May2025 01:12:28.580] [modloading-worker-0/ERROR] [mezz.jei.common.config.file.ConfigSerializer/]: 'SearchModIds' is not a valid config key for config category 'search'.
Valid keys: [modNameSearchMode, tagSearchMode, tooltipSearchMode, colorSearchMode, resourceLocationSearchMode, creativeTabSearchMode, searchAdvancedTooltips, searchModIds, searchModAliases, searchShortModNames, searchIngredientAliases]
Skipping this key.
Config file: C:\Users\ultim\Desktop\Minecraft mod projects\BetterMusicDiscs 1.21.1\run-data\config\jei\jei-client.ini
Line #140: "	SearchModIds = true"
[25May2025 01:12:28.585] [modloading-worker-0/ERROR] [mezz.jei.common.config.file.ConfigSerializer/]: 'SearchShortModNames' is not a valid config key for config category 'search'.
Valid keys: [modNameSearchMode, tagSearchMode, tooltipSearchMode, colorSearchMode, resourceLocationSearchMode, creativeTabSearchMode, searchAdvancedTooltips, searchModIds, searchModAliases, searchShortModNames, searchIngredientAliases]
Skipping this key.
Config file: C:\Users\ultim\Desktop\Minecraft mod projects\BetterMusicDiscs 1.21.1\run-data\config\jei\jei-client.ini
Line #145: "	SearchShortModNames = true"
[25May2025 01:12:28.586] [modloading-worker-0/ERROR] [mezz.jei.common.config.file.ConfigSerializer/]: '[IngredientList]' is not a valid category name.
Valid names are: [appearance, cheating, bookmarks, tooltips, performance, lookups, advanced, input, sorting, search, ingredientList, bookmarkList]
Skipping all values until the first valid category is declared.
Config file: C:\Users\ultim\Desktop\Minecraft mod projects\BetterMusicDiscs 1.21.1\run-data\config\jei\jei-client.ini
Line #148: "[IngredientList]"
[25May2025 01:12:28.586] [modloading-worker-0/ERROR] [mezz.jei.common.config.file.ConfigSerializer/]: Expected a '[category]' here.
Configs must start with a category before defining values.
Skipping all lines until the first valid category is declared.
Config file: C:\Users\ultim\Desktop\Minecraft mod projects\BetterMusicDiscs 1.21.1\run-data\config\jei\jei-client.ini
Line #152: "	MaxRows = 16"
[25May2025 01:12:28.586] [modloading-worker-0/ERROR] [mezz.jei.common.config.file.ConfigSerializer/]: Expected a '[category]' here.
Configs must start with a category before defining values.
Skipping all lines until the first valid category is declared.
Config file: C:\Users\ultim\Desktop\Minecraft mod projects\BetterMusicDiscs 1.21.1\run-data\config\jei\jei-client.ini
Line #157: "	MaxColumns = 9"
[25May2025 01:12:28.586] [modloading-worker-0/ERROR] [mezz.jei.common.config.file.ConfigSerializer/]: Expected a '[category]' here.
Configs must start with a category before defining values.
Skipping all lines until the first valid category is declared.
Config file: C:\Users\ultim\Desktop\Minecraft mod projects\BetterMusicDiscs 1.21.1\run-data\config\jei\jei-client.ini
Line #162: "	HorizontalAlignment = RIGHT"
[25May2025 01:12:28.586] [modloading-worker-0/ERROR] [mezz.jei.common.config.file.ConfigSerializer/]: Expected a '[category]' here.
Configs must start with a category before defining values.
Skipping all lines until the first valid category is declared.
Config file: C:\Users\ultim\Desktop\Minecraft mod projects\BetterMusicDiscs 1.21.1\run-data\config\jei\jei-client.ini
Line #167: "	VerticalAlignment = TOP"
[25May2025 01:12:28.586] [modloading-worker-0/ERROR] [mezz.jei.common.config.file.ConfigSerializer/]: Expected a '[category]' here.
Configs must start with a category before defining values.
Skipping all lines until the first valid category is declared.
Config file: C:\Users\ultim\Desktop\Minecraft mod projects\BetterMusicDiscs 1.21.1\run-data\config\jei\jei-client.ini
Line #172: "	ButtonNavigationVisibility = ENABLED"
[25May2025 01:12:28.586] [modloading-worker-0/ERROR] [mezz.jei.common.config.file.ConfigSerializer/]: Expected a '[category]' here.
Configs must start with a category before defining values.
Skipping all lines until the first valid category is declared.
Config file: C:\Users\ultim\Desktop\Minecraft mod projects\BetterMusicDiscs 1.21.1\run-data\config\jei\jei-client.ini
Line #177: "	DrawBackground = false"
[25May2025 01:12:28.586] [modloading-worker-0/ERROR] [mezz.jei.common.config.file.ConfigSerializer/]: '[BookmarkList]' is not a valid category name.
Valid names are: [appearance, cheating, bookmarks, tooltips, performance, lookups, advanced, input, sorting, search, ingredientList, bookmarkList]
Skipping all values until the first valid category is declared.
Config file: C:\Users\ultim\Desktop\Minecraft mod projects\BetterMusicDiscs 1.21.1\run-data\config\jei\jei-client.ini
Line #180: "[BookmarkList]"
[25May2025 01:12:28.586] [modloading-worker-0/ERROR] [mezz.jei.common.config.file.ConfigSerializer/]: Expected a '[category]' here.
Configs must start with a category before defining values.
Skipping all lines until the first valid category is declared.
Config file: C:\Users\ultim\Desktop\Minecraft mod projects\BetterMusicDiscs 1.21.1\run-data\config\jei\jei-client.ini
Line #184: "	MaxRows = 16"
[25May2025 01:12:28.586] [modloading-worker-0/ERROR] [mezz.jei.common.config.file.ConfigSerializer/]: Expected a '[category]' here.
Configs must start with a category before defining values.
Skipping all lines until the first valid category is declared.
Config file: C:\Users\ultim\Desktop\Minecraft mod projects\BetterMusicDiscs 1.21.1\run-data\config\jei\jei-client.ini
Line #189: "	MaxColumns = 9"
[25May2025 01:12:28.586] [modloading-worker-0/ERROR] [mezz.jei.common.config.file.ConfigSerializer/]: Expected a '[category]' here.
Configs must start with a category before defining values.
Skipping all lines until the first valid category is declared.
Config file: C:\Users\ultim\Desktop\Minecraft mod projects\BetterMusicDiscs 1.21.1\run-data\config\jei\jei-client.ini
Line #194: "	HorizontalAlignment = LEFT"
[25May2025 01:12:28.586] [modloading-worker-0/ERROR] [mezz.jei.common.config.file.ConfigSerializer/]: Expected a '[category]' here.
Configs must start with a category before defining values.
Skipping all lines until the first valid category is declared.
Config file: C:\Users\ultim\Desktop\Minecraft mod projects\BetterMusicDiscs 1.21.1\run-data\config\jei\jei-client.ini
Line #199: "	VerticalAlignment = TOP"
[25May2025 01:12:28.586] [modloading-worker-0/ERROR] [mezz.jei.common.config.file.ConfigSerializer/]: Expected a '[category]' here.
Configs must start with a category before defining values.
Skipping all lines until the first valid category is declared.
Config file: C:\Users\ultim\Desktop\Minecraft mod projects\BetterMusicDiscs 1.21.1\run-data\config\jei\jei-client.ini
Line #204: "	ButtonNavigationVisibility = ENABLED"
[25May2025 01:12:28.586] [modloading-worker-0/ERROR] [mezz.jei.common.config.file.ConfigSerializer/]: Expected a '[category]' here.
Configs must start with a category before defining values.
Skipping all lines until the first valid category is declared.
Config file: C:\Users\ultim\Desktop\Minecraft mod projects\BetterMusicDiscs 1.21.1\run-data\config\jei\jei-client.ini
Line #209: "	DrawBackground = false"
[25May2025 01:12:28.586] [modloading-worker-0/DEBUG] [mezz.jei.common.config.file.ConfigSchema/]: Localization has not loaded yet, waiting to save the config file until JEI starts.
[25May2025 01:12:28.600] [modloading-worker-0/INFO] [mezz.jei.library.load.PluginCaller/]: Sending ConfigManager...
[25May2025 01:12:28.608] [modloading-worker-0/DEBUG] [mezz.jei.library.load.PluginCallerTimerRunnable/]: Sending ConfigManager: jei:minecraft...
[25May2025 01:12:28.608] [modloading-worker-0/DEBUG] [mezz.jei.library.load.PluginCallerTimerRunnable/]: Sending ConfigManager: betterdiscs:jei_plugin...
[25May2025 01:12:28.608] [modloading-worker-0/DEBUG] [mezz.jei.library.load.PluginCallerTimerRunnable/]: Sending ConfigManager: jei:debug...
[25May2025 01:12:28.608] [modloading-worker-0/DEBUG] [mezz.jei.library.load.PluginCallerTimerRunnable/]: Sending ConfigManager: jei:gui...
[25May2025 01:12:28.608] [modloading-worker-0/DEBUG] [mezz.jei.library.load.PluginCallerTimerRunnable/]: Sending ConfigManager: jei:forge_gui...
[25May2025 01:12:28.608] [modloading-worker-0/DEBUG] [mezz.jei.library.load.PluginCallerTimerRunnable/]: Sending ConfigManager: jei:internal...
[25May2025 01:12:28.609] [modloading-worker-0/INFO] [mezz.jei.library.load.PluginCaller/]: Sending ConfigManager took 7.469 ms
[25May2025 01:12:28.618] [modloading-worker-0/DEBUG] [net.minecraftforge.fml.javafmlmod.AutomaticEventSubscriber/LOADING]: Attempting to inject @EventBusSubscriber classes into the eventbus for jei
[25May2025 01:12:28.625] [src.main/DEBUG] [net.minecraftforge.registries.ObjectHolderRegistry/REGISTRIES]: Processing ObjectHolder annotations
[25May2025 01:12:28.630] [src.main/DEBUG] [net.minecraftforge.common.capabilities.CapabilityManager/CAPABILITIES]: Attempting to automatically register: Lnet/minecraftforge/energy/IEnergyStorage;
[25May2025 01:12:28.632] [src.main/DEBUG] [net.minecraftforge.common.capabilities.CapabilityManager/CAPABILITIES]: Attempting to automatically register: Lnet/minecraftforge/fluids/capability/IFluidHandler;
[25May2025 01:12:28.633] [src.main/DEBUG] [net.minecraftforge.common.capabilities.CapabilityManager/CAPABILITIES]: Attempting to automatically register: Lnet/minecraftforge/fluids/capability/IFluidHandlerItem;
[25May2025 01:12:28.633] [src.main/DEBUG] [net.minecraftforge.common.capabilities.CapabilityManager/CAPABILITIES]: Attempting to automatically register: Lnet/minecraftforge/items/IItemHandler;
[25May2025 01:12:28.633] [src.main/DEBUG] [net.minecraftforge.registries.GameData/REGISTRIES]: Unfreezing vanilla registries
[25May2025 01:12:28.635] [src.main/DEBUG] [net.minecraftforge.registries.GameData/REGISTRIES]: Applying holder lookups: minecraft:sound_event
[25May2025 01:12:28.636] [src.main/DEBUG] [net.minecraftforge.registries.GameData/REGISTRIES]: Holder lookups applied: minecraft:sound_event
[25May2025 01:12:28.636] [src.main/DEBUG] [net.minecraftforge.registries.GameData/REGISTRIES]: Applying holder lookups: minecraft:fluid
[25May2025 01:12:28.636] [src.main/DEBUG] [net.minecraftforge.registries.GameData/REGISTRIES]: Holder lookups applied: minecraft:fluid
[25May2025 01:12:28.644] [src.main/DEBUG] [net.minecraftforge.registries.GameData/REGISTRIES]: Applying holder lookups: minecraft:block
[25May2025 01:12:28.644] [src.main/DEBUG] [net.minecraftforge.registries.GameData/REGISTRIES]: Holder lookups applied: minecraft:block
[25May2025 01:12:28.644] [src.main/DEBUG] [net.minecraftforge.registries.GameData/REGISTRIES]: Applying holder lookups: minecraft:attribute
[25May2025 01:12:28.644] [src.main/DEBUG] [net.minecraftforge.registries.GameData/REGISTRIES]: Holder lookups applied: minecraft:attribute
[25May2025 01:12:28.645] [src.main/DEBUG] [net.minecraftforge.registries.GameData/REGISTRIES]: Applying holder lookups: minecraft:mob_effect
[25May2025 01:12:28.645] [src.main/DEBUG] [net.minecraftforge.registries.GameData/REGISTRIES]: Holder lookups applied: minecraft:mob_effect
[25May2025 01:12:28.645] [src.main/DEBUG] [net.minecraftforge.registries.GameData/REGISTRIES]: Applying holder lookups: minecraft:particle_type
[25May2025 01:12:28.645] [src.main/DEBUG] [net.minecraftforge.registries.GameData/REGISTRIES]: Holder lookups applied: minecraft:particle_type
[25May2025 01:12:28.646] [src.main/DEBUG] [net.minecraftforge.registries.GameData/REGISTRIES]: Applying holder lookups: minecraft:data_component_type
[25May2025 01:12:28.646] [src.main/DEBUG] [net.minecraftforge.registries.GameData/REGISTRIES]: Holder lookups applied: minecraft:data_component_type
[25May2025 01:12:28.646] [src.main/DEBUG] [net.minecraftforge.registries.GameData/REGISTRIES]: Applying holder lookups: minecraft:enchantment_effect_component_type
[25May2025 01:12:28.646] [src.main/DEBUG] [net.minecraftforge.registries.GameData/REGISTRIES]: Holder lookups applied: minecraft:enchantment_effect_component_type
[25May2025 01:12:28.647] [src.main/DEBUG] [net.minecraftforge.registries.GameData/REGISTRIES]: Applying holder lookups: minecraft:item
[25May2025 01:12:28.647] [src.main/DEBUG] [net.minecraftforge.registries.GameData/REGISTRIES]: Holder lookups applied: minecraft:item
[25May2025 01:12:28.647] [src.main/DEBUG] [net.minecraftforge.registries.GameData/REGISTRIES]: Applying holder lookups: minecraft:entity_type
[25May2025 01:12:28.647] [src.main/DEBUG] [net.minecraftforge.registries.GameData/REGISTRIES]: Holder lookups applied: minecraft:entity_type
[25May2025 01:12:28.648] [src.main/DEBUG] [net.minecraftforge.registries.GameData/REGISTRIES]: Applying holder lookups: minecraft:armor_material
[25May2025 01:12:28.648] [src.main/DEBUG] [net.minecraftforge.registries.GameData/REGISTRIES]: Holder lookups applied: minecraft:armor_material
[25May2025 01:12:28.648] [src.main/DEBUG] [net.minecraftforge.registries.GameData/REGISTRIES]: Applying holder lookups: minecraft:game_event
[25May2025 01:12:28.648] [src.main/DEBUG] [net.minecraftforge.registries.GameData/REGISTRIES]: Holder lookups applied: minecraft:game_event
[25May2025 01:12:28.648] [src.main/DEBUG] [net.minecraftforge.registries.GameData/REGISTRIES]: Applying holder lookups: minecraft:potion
[25May2025 01:12:28.648] [src.main/DEBUG] [net.minecraftforge.registries.GameData/REGISTRIES]: Holder lookups applied: minecraft:potion
[25May2025 01:12:28.651] [src.main/DEBUG] [net.minecraftforge.registries.GameData/REGISTRIES]: Applying holder lookups: minecraft:block_entity_type
[25May2025 01:12:28.652] [src.main/DEBUG] [net.minecraftforge.registries.GameData/REGISTRIES]: Holder lookups applied: minecraft:block_entity_type
[25May2025 01:12:28.652] [src.main/DEBUG] [net.minecraftforge.registries.GameData/REGISTRIES]: Applying holder lookups: minecraft:stat_type
[25May2025 01:12:28.652] [src.main/DEBUG] [net.minecraftforge.registries.GameData/REGISTRIES]: Holder lookups applied: minecraft:stat_type
[25May2025 01:12:28.652] [src.main/DEBUG] [net.minecraftforge.registries.GameData/REGISTRIES]: Applying holder lookups: minecraft:custom_stat
[25May2025 01:12:28.652] [src.main/DEBUG] [net.minecraftforge.registries.GameData/REGISTRIES]: Holder lookups applied: minecraft:custom_stat
[25May2025 01:12:28.652] [src.main/DEBUG] [net.minecraftforge.registries.GameData/REGISTRIES]: Applying holder lookups: minecraft:chunk_status
[25May2025 01:12:28.652] [src.main/DEBUG] [net.minecraftforge.registries.GameData/REGISTRIES]: Holder lookups applied: minecraft:chunk_status
[25May2025 01:12:28.652] [src.main/DEBUG] [net.minecraftforge.registries.GameData/REGISTRIES]: Applying holder lookups: minecraft:rule_test
[25May2025 01:12:28.652] [src.main/DEBUG] [net.minecraftforge.registries.GameData/REGISTRIES]: Holder lookups applied: minecraft:rule_test
[25May2025 01:12:28.652] [src.main/DEBUG] [net.minecraftforge.registries.GameData/REGISTRIES]: Applying holder lookups: minecraft:rule_block_entity_modifier
[25May2025 01:12:28.652] [src.main/DEBUG] [net.minecraftforge.registries.GameData/REGISTRIES]: Holder lookups applied: minecraft:rule_block_entity_modifier
[25May2025 01:12:28.652] [src.main/DEBUG] [net.minecraftforge.registries.GameData/REGISTRIES]: Applying holder lookups: minecraft:pos_rule_test
[25May2025 01:12:28.652] [src.main/DEBUG] [net.minecraftforge.registries.GameData/REGISTRIES]: Holder lookups applied: minecraft:pos_rule_test
[25May2025 01:12:28.652] [src.main/DEBUG] [net.minecraftforge.registries.GameData/REGISTRIES]: Applying holder lookups: minecraft:menu
[25May2025 01:12:28.652] [src.main/DEBUG] [net.minecraftforge.registries.GameData/REGISTRIES]: Holder lookups applied: minecraft:menu
[25May2025 01:12:28.654] [src.main/DEBUG] [net.minecraftforge.registries.GameData/REGISTRIES]: Applying holder lookups: minecraft:recipe_type
[25May2025 01:12:28.654] [src.main/DEBUG] [net.minecraftforge.registries.GameData/REGISTRIES]: Holder lookups applied: minecraft:recipe_type
[25May2025 01:12:28.661] [src.main/DEBUG] [net.minecraftforge.registries.GameData/REGISTRIES]: Applying holder lookups: minecraft:recipe_serializer
[25May2025 01:12:28.662] [src.main/DEBUG] [net.minecraftforge.registries.GameData/REGISTRIES]: Holder lookups applied: minecraft:recipe_serializer
[25May2025 01:12:28.662] [src.main/DEBUG] [net.minecraftforge.registries.GameData/REGISTRIES]: Applying holder lookups: minecraft:position_source_type
[25May2025 01:12:28.662] [src.main/DEBUG] [net.minecraftforge.registries.GameData/REGISTRIES]: Holder lookups applied: minecraft:position_source_type
[25May2025 01:12:28.662] [src.main/DEBUG] [net.minecraftforge.registries.GameData/REGISTRIES]: Applying holder lookups: minecraft:command_argument_type
[25May2025 01:12:28.662] [src.main/DEBUG] [net.minecraftforge.registries.GameData/REGISTRIES]: Holder lookups applied: minecraft:command_argument_type
[25May2025 01:12:28.662] [src.main/DEBUG] [net.minecraftforge.registries.GameData/REGISTRIES]: Applying holder lookups: minecraft:villager_type
[25May2025 01:12:28.662] [src.main/DEBUG] [net.minecraftforge.registries.GameData/REGISTRIES]: Holder lookups applied: minecraft:villager_type
[25May2025 01:12:28.663] [src.main/DEBUG] [net.minecraftforge.registries.GameData/REGISTRIES]: Applying holder lookups: minecraft:villager_profession
[25May2025 01:12:28.663] [src.main/DEBUG] [net.minecraftforge.registries.GameData/REGISTRIES]: Holder lookups applied: minecraft:villager_profession
[25May2025 01:12:28.663] [src.main/DEBUG] [net.minecraftforge.registries.GameData/REGISTRIES]: Applying holder lookups: minecraft:point_of_interest_type
[25May2025 01:12:28.663] [src.main/DEBUG] [net.minecraftforge.registries.GameData/REGISTRIES]: Holder lookups applied: minecraft:point_of_interest_type
[25May2025 01:12:28.663] [src.main/DEBUG] [net.minecraftforge.registries.GameData/REGISTRIES]: Applying holder lookups: minecraft:memory_module_type
[25May2025 01:12:28.663] [src.main/DEBUG] [net.minecraftforge.registries.GameData/REGISTRIES]: Holder lookups applied: minecraft:memory_module_type
[25May2025 01:12:28.663] [src.main/DEBUG] [net.minecraftforge.registries.GameData/REGISTRIES]: Applying holder lookups: minecraft:sensor_type
[25May2025 01:12:28.663] [src.main/DEBUG] [net.minecraftforge.registries.GameData/REGISTRIES]: Holder lookups applied: minecraft:sensor_type
[25May2025 01:12:28.663] [src.main/DEBUG] [net.minecraftforge.registries.GameData/REGISTRIES]: Applying holder lookups: minecraft:schedule
[25May2025 01:12:28.663] [src.main/DEBUG] [net.minecraftforge.registries.GameData/REGISTRIES]: Holder lookups applied: minecraft:schedule
[25May2025 01:12:28.663] [src.main/DEBUG] [net.minecraftforge.registries.GameData/REGISTRIES]: Applying holder lookups: minecraft:activity
[25May2025 01:12:28.663] [src.main/DEBUG] [net.minecraftforge.registries.GameData/REGISTRIES]: Holder lookups applied: minecraft:activity
[25May2025 01:12:28.663] [src.main/DEBUG] [net.minecraftforge.registries.GameData/REGISTRIES]: Applying holder lookups: minecraft:loot_number_provider_type
[25May2025 01:12:28.664] [src.main/DEBUG] [net.minecraftforge.registries.GameData/REGISTRIES]: Holder lookups applied: minecraft:loot_number_provider_type
[25May2025 01:12:28.664] [src.main/DEBUG] [net.minecraftforge.registries.GameData/REGISTRIES]: Applying holder lookups: minecraft:loot_score_provider_type
[25May2025 01:12:28.664] [src.main/DEBUG] [net.minecraftforge.registries.GameData/REGISTRIES]: Holder lookups applied: minecraft:loot_score_provider_type
[25May2025 01:12:28.664] [src.main/DEBUG] [net.minecraftforge.registries.GameData/REGISTRIES]: Applying holder lookups: minecraft:loot_function_type
[25May2025 01:12:28.664] [src.main/DEBUG] [net.minecraftforge.registries.GameData/REGISTRIES]: Holder lookups applied: minecraft:loot_function_type
[25May2025 01:12:28.664] [src.main/DEBUG] [net.minecraftforge.registries.GameData/REGISTRIES]: Applying holder lookups: minecraft:map_decoration_type
[25May2025 01:12:28.664] [src.main/DEBUG] [net.minecraftforge.registries.GameData/REGISTRIES]: Holder lookups applied: minecraft:map_decoration_type
[25May2025 01:12:28.664] [src.main/DEBUG] [net.minecraftforge.registries.GameData/REGISTRIES]: Applying holder lookups: minecraft:loot_nbt_provider_type
[25May2025 01:12:28.664] [src.main/DEBUG] [net.minecraftforge.registries.GameData/REGISTRIES]: Holder lookups applied: minecraft:loot_nbt_provider_type
[25May2025 01:12:28.664] [src.main/DEBUG] [net.minecraftforge.registries.GameData/REGISTRIES]: Applying holder lookups: minecraft:loot_pool_entry_type
[25May2025 01:12:28.664] [src.main/DEBUG] [net.minecraftforge.registries.GameData/REGISTRIES]: Holder lookups applied: minecraft:loot_pool_entry_type
[25May2025 01:12:28.670] [src.main/DEBUG] [net.minecraftforge.registries.GameData/REGISTRIES]: Applying holder lookups: minecraft:loot_condition_type
[25May2025 01:12:28.672] [src.main/DEBUG] [net.minecraftforge.registries.GameData/REGISTRIES]: Holder lookups applied: minecraft:loot_condition_type
[25May2025 01:12:28.672] [src.main/DEBUG] [net.minecraftforge.registries.GameData/REGISTRIES]: Applying holder lookups: minecraft:float_provider_type
[25May2025 01:12:28.672] [src.main/DEBUG] [net.minecraftforge.registries.GameData/REGISTRIES]: Holder lookups applied: minecraft:float_provider_type
[25May2025 01:12:28.672] [src.main/DEBUG] [net.minecraftforge.registries.GameData/REGISTRIES]: Applying holder lookups: minecraft:int_provider_type
[25May2025 01:12:28.672] [src.main/DEBUG] [net.minecraftforge.registries.GameData/REGISTRIES]: Holder lookups applied: minecraft:int_provider_type
[25May2025 01:12:28.672] [src.main/DEBUG] [net.minecraftforge.registries.GameData/REGISTRIES]: Applying holder lookups: minecraft:height_provider_type
[25May2025 01:12:28.672] [src.main/DEBUG] [net.minecraftforge.registries.GameData/REGISTRIES]: Holder lookups applied: minecraft:height_provider_type
[25May2025 01:12:28.672] [src.main/DEBUG] [net.minecraftforge.registries.GameData/REGISTRIES]: Applying holder lookups: minecraft:block_predicate_type
[25May2025 01:12:28.672] [src.main/DEBUG] [net.minecraftforge.registries.GameData/REGISTRIES]: Holder lookups applied: minecraft:block_predicate_type
[25May2025 01:12:28.672] [src.main/DEBUG] [net.minecraftforge.registries.GameData/REGISTRIES]: Applying holder lookups: minecraft:worldgen/carver
[25May2025 01:12:28.672] [src.main/DEBUG] [net.minecraftforge.registries.GameData/REGISTRIES]: Holder lookups applied: minecraft:worldgen/carver
[25May2025 01:12:28.672] [src.main/DEBUG] [net.minecraftforge.registries.GameData/REGISTRIES]: Applying holder lookups: minecraft:worldgen/feature
[25May2025 01:12:28.672] [src.main/DEBUG] [net.minecraftforge.registries.GameData/REGISTRIES]: Holder lookups applied: minecraft:worldgen/feature
[25May2025 01:12:28.672] [src.main/DEBUG] [net.minecraftforge.registries.GameData/REGISTRIES]: Applying holder lookups: minecraft:worldgen/structure_processor
[25May2025 01:12:28.672] [src.main/DEBUG] [net.minecraftforge.registries.GameData/REGISTRIES]: Holder lookups applied: minecraft:worldgen/structure_processor
[25May2025 01:12:28.672] [src.main/DEBUG] [net.minecraftforge.registries.GameData/REGISTRIES]: Applying holder lookups: minecraft:worldgen/structure_placement
[25May2025 01:12:28.672] [src.main/DEBUG] [net.minecraftforge.registries.GameData/REGISTRIES]: Holder lookups applied: minecraft:worldgen/structure_placement
[25May2025 01:12:28.673] [src.main/DEBUG] [net.minecraftforge.registries.GameData/REGISTRIES]: Applying holder lookups: minecraft:worldgen/structure_piece
[25May2025 01:12:28.673] [src.main/DEBUG] [net.minecraftforge.registries.GameData/REGISTRIES]: Holder lookups applied: minecraft:worldgen/structure_piece
[25May2025 01:12:28.673] [src.main/DEBUG] [net.minecraftforge.registries.GameData/REGISTRIES]: Applying holder lookups: minecraft:worldgen/structure_type
[25May2025 01:12:28.673] [src.main/DEBUG] [net.minecraftforge.registries.GameData/REGISTRIES]: Holder lookups applied: minecraft:worldgen/structure_type
[25May2025 01:12:28.673] [src.main/DEBUG] [net.minecraftforge.registries.GameData/REGISTRIES]: Applying holder lookups: minecraft:worldgen/placement_modifier_type
[25May2025 01:12:28.673] [src.main/DEBUG] [net.minecraftforge.registries.GameData/REGISTRIES]: Holder lookups applied: minecraft:worldgen/placement_modifier_type
[25May2025 01:12:28.673] [src.main/DEBUG] [net.minecraftforge.registries.GameData/REGISTRIES]: Applying holder lookups: minecraft:worldgen/block_state_provider_type
[25May2025 01:12:28.673] [src.main/DEBUG] [net.minecraftforge.registries.GameData/REGISTRIES]: Holder lookups applied: minecraft:worldgen/block_state_provider_type
[25May2025 01:12:28.673] [src.main/DEBUG] [net.minecraftforge.registries.GameData/REGISTRIES]: Applying holder lookups: minecraft:worldgen/foliage_placer_type
[25May2025 01:12:28.673] [src.main/DEBUG] [net.minecraftforge.registries.GameData/REGISTRIES]: Holder lookups applied: minecraft:worldgen/foliage_placer_type
[25May2025 01:12:28.673] [src.main/DEBUG] [net.minecraftforge.registries.GameData/REGISTRIES]: Applying holder lookups: minecraft:worldgen/trunk_placer_type
[25May2025 01:12:28.673] [src.main/DEBUG] [net.minecraftforge.registries.GameData/REGISTRIES]: Holder lookups applied: minecraft:worldgen/trunk_placer_type
[25May2025 01:12:28.673] [src.main/DEBUG] [net.minecraftforge.registries.GameData/REGISTRIES]: Applying holder lookups: minecraft:worldgen/root_placer_type
[25May2025 01:12:28.673] [src.main/DEBUG] [net.minecraftforge.registries.GameData/REGISTRIES]: Holder lookups applied: minecraft:worldgen/root_placer_type
[25May2025 01:12:28.673] [src.main/DEBUG] [net.minecraftforge.registries.GameData/REGISTRIES]: Applying holder lookups: minecraft:worldgen/tree_decorator_type
[25May2025 01:12:28.673] [src.main/DEBUG] [net.minecraftforge.registries.GameData/REGISTRIES]: Holder lookups applied: minecraft:worldgen/tree_decorator_type
[25May2025 01:12:28.674] [src.main/DEBUG] [net.minecraftforge.registries.GameData/REGISTRIES]: Applying holder lookups: minecraft:worldgen/feature_size_type
[25May2025 01:12:28.674] [src.main/DEBUG] [net.minecraftforge.registries.GameData/REGISTRIES]: Holder lookups applied: minecraft:worldgen/feature_size_type
[25May2025 01:12:28.674] [src.main/DEBUG] [net.minecraftforge.registries.GameData/REGISTRIES]: Applying holder lookups: minecraft:worldgen/biome_source
[25May2025 01:12:28.674] [src.main/DEBUG] [net.minecraftforge.registries.GameData/REGISTRIES]: Holder lookups applied: minecraft:worldgen/biome_source
[25May2025 01:12:28.674] [src.main/DEBUG] [net.minecraftforge.registries.GameData/REGISTRIES]: Applying holder lookups: minecraft:worldgen/chunk_generator
[25May2025 01:12:28.674] [src.main/DEBUG] [net.minecraftforge.registries.GameData/REGISTRIES]: Holder lookups applied: minecraft:worldgen/chunk_generator
[25May2025 01:12:28.674] [src.main/DEBUG] [net.minecraftforge.registries.GameData/REGISTRIES]: Applying holder lookups: minecraft:worldgen/material_condition
[25May2025 01:12:28.674] [src.main/DEBUG] [net.minecraftforge.registries.GameData/REGISTRIES]: Holder lookups applied: minecraft:worldgen/material_condition
[25May2025 01:12:28.674] [src.main/DEBUG] [net.minecraftforge.registries.GameData/REGISTRIES]: Applying holder lookups: minecraft:worldgen/material_rule
[25May2025 01:12:28.674] [src.main/DEBUG] [net.minecraftforge.registries.GameData/REGISTRIES]: Holder lookups applied: minecraft:worldgen/material_rule
[25May2025 01:12:28.674] [src.main/DEBUG] [net.minecraftforge.registries.GameData/REGISTRIES]: Applying holder lookups: minecraft:worldgen/density_function_type
[25May2025 01:12:28.674] [src.main/DEBUG] [net.minecraftforge.registries.GameData/REGISTRIES]: Holder lookups applied: minecraft:worldgen/density_function_type
[25May2025 01:12:28.675] [src.main/DEBUG] [net.minecraftforge.registries.GameData/REGISTRIES]: Applying holder lookups: minecraft:block_type
[25May2025 01:12:28.675] [src.main/DEBUG] [net.minecraftforge.registries.GameData/REGISTRIES]: Holder lookups applied: minecraft:block_type
[25May2025 01:12:28.675] [src.main/DEBUG] [net.minecraftforge.registries.GameData/REGISTRIES]: Applying holder lookups: minecraft:worldgen/structure_pool_element
[25May2025 01:12:28.675] [src.main/DEBUG] [net.minecraftforge.registries.GameData/REGISTRIES]: Holder lookups applied: minecraft:worldgen/structure_pool_element
[25May2025 01:12:28.675] [src.main/DEBUG] [net.minecraftforge.registries.GameData/REGISTRIES]: Applying holder lookups: minecraft:worldgen/pool_alias_binding
[25May2025 01:12:28.675] [src.main/DEBUG] [net.minecraftforge.registries.GameData/REGISTRIES]: Holder lookups applied: minecraft:worldgen/pool_alias_binding
[25May2025 01:12:28.675] [src.main/DEBUG] [net.minecraftforge.registries.GameData/REGISTRIES]: Applying holder lookups: minecraft:cat_variant
[25May2025 01:12:28.675] [src.main/DEBUG] [net.minecraftforge.registries.GameData/REGISTRIES]: Holder lookups applied: minecraft:cat_variant
[25May2025 01:12:28.675] [src.main/DEBUG] [net.minecraftforge.registries.GameData/REGISTRIES]: Applying holder lookups: minecraft:frog_variant
[25May2025 01:12:28.675] [src.main/DEBUG] [net.minecraftforge.registries.GameData/REGISTRIES]: Holder lookups applied: minecraft:frog_variant
[25May2025 01:12:28.676] [src.main/DEBUG] [net.minecraftforge.registries.GameData/REGISTRIES]: Applying holder lookups: minecraft:instrument
[25May2025 01:12:28.676] [src.main/DEBUG] [net.minecraftforge.registries.GameData/REGISTRIES]: Holder lookups applied: minecraft:instrument
[25May2025 01:12:28.676] [src.main/DEBUG] [net.minecraftforge.registries.GameData/REGISTRIES]: Applying holder lookups: minecraft:decorated_pot_pattern
[25May2025 01:12:28.676] [src.main/DEBUG] [net.minecraftforge.registries.GameData/REGISTRIES]: Holder lookups applied: minecraft:decorated_pot_pattern
[25May2025 01:12:28.677] [src.main/DEBUG] [net.minecraftforge.registries.GameData/REGISTRIES]: Applying holder lookups: minecraft:creative_mode_tab
[25May2025 01:12:28.677] [src.main/DEBUG] [net.minecraftforge.registries.GameData/REGISTRIES]: Holder lookups applied: minecraft:creative_mode_tab
[25May2025 01:12:28.678] [src.main/DEBUG] [net.minecraftforge.registries.GameData/REGISTRIES]: Applying holder lookups: minecraft:trigger_type
[25May2025 01:12:28.678] [src.main/DEBUG] [net.minecraftforge.registries.GameData/REGISTRIES]: Holder lookups applied: minecraft:trigger_type
[25May2025 01:12:28.678] [src.main/DEBUG] [net.minecraftforge.registries.GameData/REGISTRIES]: Applying holder lookups: minecraft:number_format_type
[25May2025 01:12:28.678] [src.main/DEBUG] [net.minecraftforge.registries.GameData/REGISTRIES]: Holder lookups applied: minecraft:number_format_type
[25May2025 01:12:28.678] [src.main/DEBUG] [net.minecraftforge.registries.GameData/REGISTRIES]: Applying holder lookups: minecraft:entity_sub_predicate_type
[25May2025 01:12:28.678] [src.main/DEBUG] [net.minecraftforge.registries.GameData/REGISTRIES]: Holder lookups applied: minecraft:entity_sub_predicate_type
[25May2025 01:12:28.678] [src.main/DEBUG] [net.minecraftforge.registries.GameData/REGISTRIES]: Applying holder lookups: minecraft:item_sub_predicate_type
[25May2025 01:12:28.678] [src.main/DEBUG] [net.minecraftforge.registries.GameData/REGISTRIES]: Holder lookups applied: minecraft:item_sub_predicate_type
[25May2025 01:12:28.678] [src.main/DEBUG] [net.minecraftforge.registries.GameData/REGISTRIES]: Applying holder lookups: minecraft:enchantment_level_based_value_type
[25May2025 01:12:28.678] [src.main/DEBUG] [net.minecraftforge.registries.GameData/REGISTRIES]: Holder lookups applied: minecraft:enchantment_level_based_value_type
[25May2025 01:12:28.678] [src.main/DEBUG] [net.minecraftforge.registries.GameData/REGISTRIES]: Applying holder lookups: minecraft:enchantment_entity_effect_type
[25May2025 01:12:28.678] [src.main/DEBUG] [net.minecraftforge.registries.GameData/REGISTRIES]: Holder lookups applied: minecraft:enchantment_entity_effect_type
[25May2025 01:12:28.678] [src.main/DEBUG] [net.minecraftforge.registries.GameData/REGISTRIES]: Applying holder lookups: minecraft:enchantment_location_based_effect_type
[25May2025 01:12:28.678] [src.main/DEBUG] [net.minecraftforge.registries.GameData/REGISTRIES]: Holder lookups applied: minecraft:enchantment_location_based_effect_type
[25May2025 01:12:28.678] [src.main/DEBUG] [net.minecraftforge.registries.GameData/REGISTRIES]: Applying holder lookups: minecraft:enchantment_value_effect_type
[25May2025 01:12:28.678] [src.main/DEBUG] [net.minecraftforge.registries.GameData/REGISTRIES]: Holder lookups applied: minecraft:enchantment_value_effect_type
[25May2025 01:12:28.678] [src.main/DEBUG] [net.minecraftforge.registries.GameData/REGISTRIES]: Applying holder lookups: minecraft:enchantment_provider_type
[25May2025 01:12:28.678] [src.main/DEBUG] [net.minecraftforge.registries.GameData/REGISTRIES]: Holder lookups applied: minecraft:enchantment_provider_type
[25May2025 01:12:28.704] [src.main/DEBUG] [net.minecraftforge.registries.GameData/REGISTRIES]: Applying holder lookups: forge:biome_modifier_serializers
[25May2025 01:12:28.704] [src.main/DEBUG] [net.minecraftforge.registries.GameData/REGISTRIES]: Holder lookups applied: forge:biome_modifier_serializers
[25May2025 01:12:28.715] [src.main/DEBUG] [net.minecraftforge.registries.GameData/REGISTRIES]: Applying holder lookups: forge:condition_codecs
[25May2025 01:12:28.715] [src.main/DEBUG] [net.minecraftforge.registries.GameData/REGISTRIES]: Holder lookups applied: forge:condition_codecs
[25May2025 01:12:28.716] [src.main/DEBUG] [net.minecraftforge.registries.GameData/REGISTRIES]: Applying holder lookups: forge:display_contexts
[25May2025 01:12:28.716] [src.main/DEBUG] [net.minecraftforge.registries.GameData/REGISTRIES]: Holder lookups applied: forge:display_contexts
[25May2025 01:12:28.717] [src.main/DEBUG] [net.minecraftforge.registries.GameData/REGISTRIES]: Applying holder lookups: forge:entity_data_serializers
[25May2025 01:12:28.717] [src.main/DEBUG] [net.minecraftforge.registries.GameData/REGISTRIES]: Holder lookups applied: forge:entity_data_serializers
[25May2025 01:12:28.720] [src.main/DEBUG] [net.minecraftforge.registries.GameData/REGISTRIES]: Applying holder lookups: forge:fluid_type
[25May2025 01:12:28.720] [src.main/DEBUG] [net.minecraftforge.registries.GameData/REGISTRIES]: Holder lookups applied: forge:fluid_type
[25May2025 01:12:28.720] [src.main/DEBUG] [net.minecraftforge.registries.GameData/REGISTRIES]: Applying holder lookups: forge:global_loot_modifier_serializers
[25May2025 01:12:28.720] [src.main/DEBUG] [net.minecraftforge.registries.GameData/REGISTRIES]: Holder lookups applied: forge:global_loot_modifier_serializers
[25May2025 01:12:28.723] [src.main/DEBUG] [net.minecraftforge.registries.GameData/REGISTRIES]: Applying holder lookups: forge:holder_set_type
[25May2025 01:12:28.723] [src.main/DEBUG] [net.minecraftforge.registries.GameData/REGISTRIES]: Holder lookups applied: forge:holder_set_type
[25May2025 01:12:28.728] [src.main/DEBUG] [net.minecraftforge.registries.GameData/REGISTRIES]: Applying holder lookups: forge:ingredient_serializers
[25May2025 01:12:28.728] [src.main/DEBUG] [net.minecraftforge.registries.GameData/REGISTRIES]: Holder lookups applied: forge:ingredient_serializers
[25May2025 01:12:28.729] [src.main/DEBUG] [net.minecraftforge.registries.GameData/REGISTRIES]: Applying holder lookups: forge:structure_modifier_serializers
[25May2025 01:12:28.729] [src.main/DEBUG] [net.minecraftforge.registries.GameData/REGISTRIES]: Holder lookups applied: forge:structure_modifier_serializers
[25May2025 01:12:28.729] [src.main/DEBUG] [net.minecraftforge.registries.GameData/REGISTRIES]: Applying holder lookups: minecraft:painting_variant
[25May2025 01:12:28.729] [src.main/DEBUG] [net.minecraftforge.registries.GameData/REGISTRIES]: Holder lookups applied: minecraft:painting_variant
[25May2025 01:12:28.729] [src.main/DEBUG] [net.minecraftforge.registries.GameData/REGISTRIES]: Applying holder lookups: minecraft:worldgen/biome
[25May2025 01:12:28.729] [src.main/DEBUG] [net.minecraftforge.registries.GameData/REGISTRIES]: Holder lookups applied: minecraft:worldgen/biome
[25May2025 01:12:28.768] [src.main/INFO] [net.minecraftforge.data.loading.DatagenModLoader/]: Initializing Data Gatherer for mods [betterdiscs]
[25May2025 01:12:28.858] [src.main/WARN] [net.minecraft.server.packs.VanillaPackResourcesBuilder/]: Assets URL 'union:/C:/Users/ultim/.gradle/caches/forge_gradle/minecraft_user_repo/net/minecraftforge/forge/1.21.1-52.1.0_mapped_parchment_2024.11.17-1.21.1/forge-1.21.1-52.1.0_mapped_parchment_2024.11.17-1.21.1-recomp.jar%230!/assets/.mcassetsroot' uses unexpected schema
[25May2025 01:12:28.859] [src.main/WARN] [net.minecraft.server.packs.VanillaPackResourcesBuilder/]: Assets URL 'union:/C:/Users/ultim/.gradle/caches/forge_gradle/minecraft_user_repo/net/minecraftforge/forge/1.21.1-52.1.0_mapped_parchment_2024.11.17-1.21.1/forge-1.21.1-52.1.0_mapped_parchment_2024.11.17-1.21.1-recomp.jar%230!/data/.mcassetsroot' uses unexpected schema
[25May2025 01:12:29.073] [src.main/INFO] [net.minecraft.data.DataGenerator/]: Starting provider: Recipes
[25May2025 01:12:29.346] [src.main/INFO] [net.minecraft.data.DataGenerator/]: Recipes finished after 271 ms
[25May2025 01:12:29.346] [src.main/INFO] [net.minecraft.data.DataGenerator/]: Starting provider: Loot Tables
[25May2025 01:12:29.367] [src.main/INFO] [net.minecraft.data.DataGenerator/]: Loot Tables finished after 19 ms
[25May2025 01:12:29.367] [src.main/INFO] [net.minecraft.data.DataGenerator/]: Starting provider: Block States: betterdiscs
[25May2025 01:12:29.472] [src.main/INFO] [net.minecraft.data.DataGenerator/]: Block States: betterdiscs finished after 104 ms
[25May2025 01:12:29.472] [src.main/INFO] [net.minecraft.data.DataGenerator/]: Starting provider: Item Models: betterdiscs
[25May2025 01:12:29.480] [src.main/INFO] [net.minecraft.data.DataGenerator/]: Item Models: betterdiscs finished after 8 ms
[25May2025 01:12:29.480] [src.main/INFO] [net.minecraft.data.DataGenerator/]: Starting provider: Tags for minecraft:block mod id betterdiscs
[25May2025 01:12:29.482] [src.main/INFO] [net.minecraft.data.DataGenerator/]: Tags for minecraft:block mod id betterdiscs finished after 1 ms
[25May2025 01:12:29.482] [src.main/INFO] [net.minecraft.data.DataGenerator/]: Starting provider: Tags for minecraft:item mod id betterdiscs
[25May2025 01:12:29.482] [src.main/INFO] [net.minecraft.data.DataGenerator/]: Tags for minecraft:item mod id betterdiscs finished after 0 ms
[25May2025 01:12:29.482] [src.main/INFO] [net.minecraft.data.DataGenerator/]: All providers took: 410 ms
[25May2025 01:12:29.485] [src.main/INFO] [net.minecraft.data.HashCache/]: Caching: total files: 27, old count: 27, new count: 28, removed stale: 0, written: 0
